# Type 1, Type 2, Tera Type, Score
WTR,GRS,WTR,100.0000000000
FGT,STL,STL,95.1432216363
GRS,STL,STL,94.2918664675
WTR,FGT,WTR,94.0519822555
FIR,STL,STL,91.6898507195
GRD,STL,STL,91.5385635382
GRS,FRY,FRY,91.2057282930
RCK,FRY,FRY,90.8731153326
GRS,FGT,STL,88.5709591864
GRS,FGT,WTR,88.3137045049
WTR,FRY,WTR,87.9762491661
WTR,RCK,WTR,87.3194094316
DRK,STL,STL,87.2456236298
GHT,STL,STL,87.1806552470
FGT,FLY,FLY,86.9665610275
GRD,FLY,FLY,86.5179531821
GRS,RCK,FRY,86.3721091113
WTR,GRD,WTR,85.9236723855
FIR,WTR,WTR,85.6300248038
ICE,FGT,STL,85.4560833037
GRS,FLY,FLY,85.4425714520
ICE,STL,STL,85.4220423642
WTR,ICE,WTR,84.9729312487
GRS,FGT,FGT,84.8829040220
WTR,FRY,FRY,84.7589682166
WTR,GHT,WTR,84.6967937111
WTR,DRK,WTR,84.6583611034
ICE,FRY,FRY,84.5207638409
WTR,PSY,WTR,84.4778340060
RCK,STL,STL,84.0526273435
BUG,STL,STL,83.9986622561
FGT,DRK,STL,83.2422938709
FGT,GHT,STL,83.1633624433
FIR,GRS,STL,83.1405854593
FGT,FRY,FRY,83.1023225865
FGT,RCK,STL,83.0334970758
GRS,GRD,STL,82.8621851238
WTR,FLY,WTR,82.4012143374
WTR,STL,WTR,82.2274500574
STL,FRY,FRY,82.0862333811
STL,FRY,STL,81.9906309421
PSN,GRD,PSN,81.7868386711
ICE,FLY,FLY,81.7034142183
DRK,FRY,FRY,81.6149421661
GHT,FRY,FRY,81.6095154129
FGT,PSY,FGT,81.4243096234
WTR,BUG,WTR,81.3525505253
FGT,GRD,FGT,81.2027990469
FLY,STL,STL,81.0513298222
PSY,STL,STL,80.8560295756
FGT,FLY,FGT,80.7029221107
FGT,GHT,GHT,80.6841094190
FGT,PSN,PSN,80.6814259044
GRD,FRY,FRY,80.5003743070
WTR,PSN,WTR,80.2280401157
GRS,DRK,STL,80.2015305112
GRS,GHT,STL,80.0904663272
ICE,GRD,STL,79.8087424916
WTR,STL,STL,79.7033622920
PSN,FRY,FRY,79.5996504994
FIR,FRY,FRY,79.5143597142
GRS,GHT,GHT,79.3865060695
FGT,PSY,WTR,79.2496296391
FGT,GHT,WTR,79.2377556817
FGT,DRK,WTR,79.1720547049
DRG,STL,STL,79.1504935375
FLY,RCK,FLY,79.0486879765
FGT,DRK,FGT,78.9846649972
FGT,RCK,WTR,78.9640597536
FGT,GHT,FGT,78.9603735370
WTR,DRG,WTR,78.8889460065
PSN,STL,STL,78.6505232840
FGT,RCK,FGT,78.5919812981
ICE,FGT,FGT,78.5649493961
FGT,BUG,STL,78.5294702531
FIR,FGT,STL,78.4514243372
GRS,ICE,STL,78.4476279414
ICE,FGT,WTR,78.2944218157
FGT,GRD,STL,78.2159489486
FGT,FLY,STL,78.1276731368
FGT,PSY,STL,77.8915982175
FLY,DRK,FLY,77.8852702352
FLY,GHT,FLY,77.8798434821
WTR,FGT,FGT,77.6419449678
ICE,GRD,GRD,77.6408322393
FIR,DRK,STL,77.5508178200
FIR,FLY,FLY,77.4834161347
FIR,GHT,STL,77.4718863923
GRD,DRK,STL,77.4387051273
GRD,RCK,STL,77.3901218975
GRD,GHT,STL,77.3597736996
GRS,RCK,WTR,77.1209604045
BUG,FRY,FRY,77.1079992333
FIR,ICE,STL,77.0570492869
ICE,DRK,STL,76.9893239633
GRD,BUG,STL,76.9712457311
NRM,STL,STL,76.9096615087
STL,---,STL,76.9096615087
FLY,FRY,FRY,76.8906118394
ICE,GHT,STL,76.8782597793
FIR,GRS,WTR,76.8427732697
FGT,FRY,FGT,76.8164245088
FIR,FGT,FGT,76.7810397164
WTR,FLY,FLY,76.7595062129
GRD,GHT,GHT,76.1948806066
GRS,FGT,FLY,76.1433383840
RCK,GHT,GHT,75.9461109799
GRS,RCK,STL,75.9378906198
FGT,FLY,WTR,75.9367860545
FGT,DRK,DRK,75.8771371183
FGT,FRY,WTR,75.6945586816
GRS,GRD,FLY,75.6562708712
GRS,BUG,STL,75.5194503855
ICE,GHT,GHT,75.4748050769
GRS,GRD,WTR,75.4403451390
GRD,RCK,GRD,75.3211042984
GRS,DRK,FRY,75.2113067779
GRS,GHT,FRY,75.2020296821
FGT,FRY,STL,75.1376872387
GRS,FRY,WTR,75.0133452801
FGT,DRG,STL,74.9893954062
FLY,BUG,FLY,74.9765226008
FGT,RCK,PSN,74.8045242097
FLY,FRY,FLY,74.7247391321
RCK,DRK,STL,74.5895497494
GRS,FGT,FRY,74.5521780182
RCK,GHT,STL,74.4784855654
FIR,BUG,STL,74.3849472178
GRS,FGT,PSN,74.3058558741
FIR,RCK,FIR,74.2035600891
FGT,PSN,STL,74.1819211742
FLY,STL,FLY,74.1146815931
PSN,FLY,FLY,74.0751290516
GRS,FLY,FGT,73.8680383376
FIR,FRY,STL,73.8044598518
NRM,WTR,WTR,73.7702996859
FIR,RCK,STL,73.6058905705
GRD,FRY,STL,73.5743442975
GRS,PSN,PSN,73.5560306154
GRS,PSY,FGT,73.5125796402
FLY,PSY,FLY,73.3501852617
PSN,RCK,PSN,73.3017292715
GRS,ICE,FRY,73.2508349072
FIR,GRD,FIR,73.1915141023
GRS,GRD,FGT,73.1524781601
NRM,FGT,NRM,73.0913408217
GRS,STL,FRY,73.0820274338
FIR,GHT,GHT,73.0570830680
FIR,FRY,FIR,72.8579656386
WTR,---,WTR,72.8525565104
FGT,DRG,FGT,72.8263584247
FIR,GRD,STL,72.6826285047
GHT,STL,---,72.6750851127
GRS,RCK,PSN,72.5821537259
GRS,DRK,DRK,72.5772699692
GRS,PSY,WTR,72.5525899478
FIR,GRS,FRY,72.5245793062
STL,FRY,---,72.5116329872
FGT,STL,WTR,72.4888911485
GRS,GHT,WTR,72.4700001430
GRS,DRK,WTR,72.4042991661
GRS,FGT,NRM,72.3807078377
FGT,PSN,WTR,72.3777291077
GRD,FLY,STL,72.3511374859
FIR,PSY,STL,72.3116756055
GRD,FRY,GRD,72.2984058310
FGT,PSY,PSY,72.2907513167
GRS,PSN,FRY,72.2361354096
GRS,FRY,STL,72.1238233810
FGT,BUG,FGT,71.9598916423
FGT,PSN,FGT,71.9492258317
GRS,RCK,GHT,71.9449285403
FIR,PSN,PSN,71.6608683098
GRS,PSY,PSY,71.6311602965
GRS,ICE,WTR,71.6298579186
PSY,FRY,FRY,71.5237177441
DRG,FRY,FRY,71.4940635318
FGT,GRD,WTR,71.4797574344
NRM,FRY,FRY,71.4780966419
FRY,---,FRY,71.4780966419
GRS,FGT,DRK,71.4421785336
GRS,STL,---,71.4305943964
FLY,DRG,FLY,71.3546018934
WTR,FGT,STL,71.3158088941
FGT,GRD,GRD,71.3081490874
FIR,GHT,FIR,71.2685019852
NRM,FGT,STL,71.2480942213
FGT,---,STL,71.2480942213
FIR,FGT,FIR,71.2365127519
FIR,ICE,FIR,71.2284512812
GRS,GRD,PSN,71.2281898078
FIR,DRK,FIR,71.2097695313
GRD,GHT,GRD,71.1400336186
GRD,DRK,GRD,71.1016010109
FLY,STL,---,71.0855067931
GRD,DRK,DRK,71.0521056747
GRS,FLY,STL,70.9699453832
DRK,FRY,STL,70.9420965041
FIR,PSY,FIR,70.9325843891
RCK,DRK,FRY,70.9004141752
RCK,GHT,FRY,70.8911370794
GRD,FLY,GRD,70.8618379465
GHT,FRY,STL,70.8310323201
GRD,RCK,WTR,70.7870564648
GRS,STL,WTR,70.6870954549
GRS,PSY,STL,70.6558355689
GRS,RCK,FGT,70.5347070812
PSN,PSY,PSN,70.4266532920
GRS,FRY,FGT,70.3925149335
RCK,FRY,WTR,70.3320149456
FGT,STL,FGT,70.1909900513
WTR,GHT,GHT,70.1892610982
NRM,GRD,NRM,70.1614004571
FIR,FRY,WTR,70.1315893323
BUG,RCK,STL,70.0957846368
NRM,FGT,FGT,70.0697331497
ICE,FGT,FLY,70.0606805055
BUG,DRK,STL,69.9863370070
FGT,---,FGT,69.9444722730
BUG,GHT,STL,69.8944679463
GRS,FGT,GHT,69.7867862477
GHT,STL,GHT,69.7805713500
FGT,PSY,PSN,69.7501824008
GRS,GRD,GHT,69.7352453753
ICE,BUG,STL,69.7195260644
FLY,DRK,STL,69.6866538388
ICE,DRK,DRK,69.6664073763
FLY,GHT,STL,69.5755896548
ICE,GRD,FLY,69.4817090008
PSY,DRK,STL,69.4649118946
FIR,DRG,STL,69.4611833661
NRM,GRS,NRM,69.4130206534
FLY,GHT,GHT,69.3603335880
PSY,GHT,STL,69.3538477106
GRS,FLY,WTR,69.2680449081
GRD,DRG,STL,69.1896660585
FGT,RCK,FRY,69.1833788281
ICE,FGT,DRK,69.1794404532
FIR,WTR,FIR,69.1156983794
PSY,GHT,GHT,68.9431190956
GRS,RCK,FLY,68.8317706580
GRD,FRY,WTR,68.8032925890
ICE,PSY,PSY,68.7725022849
GRS,DRK,FGT,68.6947375108
GRD,BUG,GRD,68.6875170868
GRS,GHT,FGT,68.6704460506
GRS,RCK,NRM,68.6662132184
FGT,GRD,PSN,68.6447934389
NRM,FLY,FLY,68.4756731532
FLY,---,FLY,68.4756731532
GRS,FLY,FRY,68.4547699704
PSN,GRD,STL,68.4053855233
GRS,BUG,FRY,68.3533195801
GRD,RCK,PSN,68.3389374584
WTR,GRS,STL,68.2734395899
FIR,FGT,WTR,68.1614185943
GRS,FGT,PSY,68.1589694018
FGT,BUG,WTR,68.1157496013
GRD,PSY,PSY,68.1053776607
GRD,STL,GRD,68.0380451086
FIR,BUG,FIR,67.9938603942
PSN,GRD,GRD,67.9282162323
PSN,FRY,PSN,67.9100134827
PSY,RCK,WTR,67.8813353096
ICE,FGT,PSN,67.8733798431
RCK,GHT,WTR,67.8589518088
PSN,RCK,FRY,67.8488490292
DRK,STL,---,67.8379133956
RCK,DRK,WTR,67.7932508319
GRS,DRG,STL,67.7860134529
GRS,GRD,NRM,67.7369949701
FIR,GRS,FGT,67.7102620159
ICE,FGT,NRM,67.6433488057
FIR,PSY,WTR,67.6379008681
RCK,STL,FRY,67.6363864160
ICE,PSY,STL,67.6235047781
GRS,FGT,GRS,67.5857415996
RCK,DRK,DRK,67.5604916531
PSN,GHT,PSN,67.5282031643
FIR,GRS,GHT,67.5212938721
PSN,DRK,PSN,67.5079420960
FIR,GHT,WTR,67.5034798020
FIR,DRK,WTR,67.4377788251
FIR,PSN,FIR,67.3966865107
GRD,FRY,PSN,67.3785938599
GRS,BUG,WTR,67.3553636448
PSN,GHT,GHT,67.3390176918
FGT,DRG,WTR,67.3223711753
FIR,GRD,GRD,67.2976472138
GRS,ICE,FGT,67.1871272361
GHT,FRY,GHT,67.0967492472
GRS,GRD,DRK,67.0943909332
FIR,FLY,FIR,67.0515666382
WTR,GRD,GRD,66.9383187707
ICE,FGT,FRY,66.9054218000
GRS,PSN,STL,66.8678087288
GRD,PSY,GRD,66.8274641182
FIR,PSY,PSY,66.8145426783
GRS,GRD,GRD,66.8134520721
FIR,DRG,FIR,66.7529509605
GRS,DRK,FLY,66.7474239944
GRS,GHT,FLY,66.7381468986
FIR,STL,FIR,66.7342806196
ICE,PSN,PSN,66.7125145782
RCK,FRY,STL,66.6353969168
GRS,ICE,FLY,66.6144816794
WTR,GRS,FRY,66.6037066631
PSY,RCK,PSY,66.5950520758
GRS,GRD,FRY,66.5903248374
DRG,DRK,STL,66.5729543050
GHT,DRG,STL,66.4618901210
FGT,FLY,PSN,66.3471972778
ICE,FGT,GHT,66.3307995726
ICE,GRD,GHT,66.2329666667
GRD,GHT,WTR,66.1410576905
GRS,RCK,PSY,66.1017046266
GRD,DRK,WTR,66.0753567137
ICE,FGT,PSY,66.0241975870
FIR,FLY,STL,65.8411964896
FIR,PSN,STL,65.8264997435
DRK,FRY,WTR,65.8066484787
WTR,GRS,FGT,65.8045814589
GHT,FRY,WTR,65.7973713829
FIR,WTR,STL,65.7952525306
PSN,DRK,STL,65.7879343291
RCK,FRY,PSN,65.7467455461
NRM,FIR,STL,65.7036752467
FIR,---,STL,65.7036752467
PSN,GHT,STL,65.6768701451
WTR,GRD,STL,65.6258152362
GRS,ICE,ICE,65.6254478480
GRS,PSN,WTR,65.6157853447
ICE,RCK,FRY,65.5727764009
FIR,ICE,WTR,65.5332454247
GRD,PSY,STL,65.5328720899
GRD,DRG,GRD,65.5116740371
WTR,DRK,DRK,65.4607652991
FGT,RCK,FLY,65.4512488957
NRM,GRD,STL,65.4476939790
GRD,---,STL,65.4476939790
FIR,DRK,DRK,65.3962243464
ICE,FRY,STL,65.3843273980
ICE,STL,FRY,65.3512854927
ICE,GRD,WTR,65.3301071647
ICE,RCK,STL,65.2945500530
WTR,RCK,FRY,65.2310906979
WTR,ICE,STL,65.1860482049
PSY,RCK,STL,65.1691305373
FGT,FRY,PSN,65.1335072381
FIR,GRS,PSN,65.1049696301
NRM,FIR,NRM,65.0744310066
ICE,FLY,STL,65.0444026594
PSN,FLY,PSN,65.0089164470
FIR,GRS,NRM,64.8363885186
PSY,BUG,STL,64.8182384745
ICE,GRD,DRK,64.7436710890
WTR,PSN,PSN,64.7297721473
FIR,STL,---,64.5669276470
ICE,DRK,FRY,64.5270561500
FGT,RCK,NRM,64.5223306801
ICE,GHT,FRY,64.5177790542
FGT,DRG,DRG,64.4832373717
GRS,FRY,PSN,64.3890943260
GRD,STL,WTR,64.3614787712
PSY,RCK,PSN,64.2099961096
DRK,FRY,DRK,64.1846932168
GRS,DRG,FGT,64.1426987001
BUG,RCK,FRY,64.0692786732
GRS,ICE,GHT,63.9900887280
WTR,PSY,PSY,63.9895986561
NRM,GRS,STL,63.9802950725
GRS,---,STL,63.9802950725
ICE,GRD,PSN,63.9642581453
GRS,RCK,DRK,63.9151931679
GRD,DRG,DRG,63.8837728283
NRM,RCK,NRM,63.8744853375
GRD,FLY,FGT,63.8736185648
STL,FRY,WTR,63.8285067490
PSY,STL,PSY,63.7785039937
FGT,GHT,PSN,63.6956394697
FGT,RCK,GHT,63.6674568637
GRS,PSY,PSN,63.6648959307
FGT,DRK,PSN,63.6437678793
GRS,ICE,PSY,63.5959286420
FGT,GRD,FLY,63.5454266712
FGT,DRK,FLY,63.5309548392
FGT,GHT,FLY,63.5216777434
BUG,DRK,DRK,63.3926825658
PSY,GHT,WTR,63.3507787209
NRM,ICE,NRM,63.3405675917
PSY,DRK,WTR,63.3205225882
FIR,GRS,GRS,63.2214777824
ICE,PSY,FGT,63.1339880938
PSN,STL,PSN,63.1051176157
GRS,FRY,GRS,63.0568769616
NRM,FIR,FIR,63.0559011388
NRM,GRD,GRD,63.0239008017
GRD,---,GRD,63.0239008017
GRD,FLY,WTR,63.0117831439
ICE,GRD,FGT,62.9670926318
ICE,GRD,NRM,62.9663429962
WTR,DRK,STL,62.9321872463
WTR,GHT,STL,62.8532558187
NRM,DRK,STL,62.8406099624
GHT,DRK,STL,62.8406099624
DRK,---,STL,62.8406099624
GRS,BUG,FGT,62.8347556415
GRS,PSN,FGT,62.8286657679
GRS,DRG,DRG,62.8156380054
GRD,DRK,FLY,62.7543536842
GRD,GHT,FLY,62.7450765884
NRM,GHT,STL,62.7295457784
GHT,---,STL,62.7295457784
BUG,RCK,WTR,62.7006103632
FGT,RCK,DRK,62.6964523960
WTR,RCK,STL,62.6611432545
GHT,DRG,GHT,62.6395091611
GRS,FGT,BUG,62.6325521159
FIR,BUG,WTR,62.4705052615
FIR,GRS,FIR,62.4279051276
WTR,BUG,STL,62.4133290877
GRD,FLY,PSN,62.4110531259
ICE,GHT,WTR,62.3738263775
FIR,---,FIR,62.3548092388
FGT,DRK,FRY,62.3457956074
FGT,GHT,FRY,62.3365185116
GRS,BUG,FLY,62.3321539128
ICE,PSY,WTR,62.3162250097
WTR,FGT,FLY,62.3149430541
RCK,DRG,STL,62.3122866912
ICE,DRK,WTR,62.3081254007
GRS,FLY,GHT,62.2297785373
NRM,FGT,WTR,62.2169551874
FGT,---,WTR,62.2169551874
FLY,BUG,STL,62.2121389066
WTR,FLY,FGT,62.1551797531
FIR,GRS,PSY,62.0613962447
BUG,FRY,STL,62.0301005072
GRS,FRY,FLY,61.9778442702
FIR,RCK,WTR,61.9488979760
BUG,DRG,STL,61.9186020536
GRS,ICE,PSN,61.8531417844
WTR,PSY,FGT,61.7784762969
GRS,PSY,GHT,61.7626813941
BUG,GHT,GHT,61.7437661752
PSY,BUG,PSY,61.7274067742
PSN,PSY,PSY,61.6718741396
FLY,FRY,STL,61.6632892800
NRM,DRK,NRM,61.6531599831
NRM,GHT,NRM,61.6438131596
GRS,GRD,PSY,61.5255151407
FLY,RCK,STL,61.5027079983
FGT,GRD,DRK,61.4912441822
GRS,BUG,GRS,61.4760154387
PSN,RCK,STL,61.4615757965
GRS,ICE,DRK,61.4528588938
DRK,STL,WTR,61.3958489498
PSY,FRY,STL,61.3937859358
ICE,FGT,GRD,61.3936476476
GHT,STL,WTR,61.3918955948
PSY,STL,WTR,61.3838203054
FIR,GRS,FLY,61.3159527714
GRS,GHT,GRS,61.2143379387
GRS,DRK,GRS,61.1759053310
GRD,BUG,WTR,61.1423017794
ICE,PSN,STL,61.1239872204
GRS,STL,FLY,61.0692196545
ICE,DRG,STL,61.0459663221
RCK,STL,WTR,61.0398877739
GRD,RCK,GHT,61.0244407909
GRS,PSN,GRS,61.0198148220
NRM,ICE,STL,61.0107177288
ICE,---,STL,61.0107177288
GRS,PSN,FLY,60.9971569339
PSN,RCK,WTR,60.9704140322
WTR,DRK,FRY,60.9613534471
WTR,GHT,FRY,60.9520763514
ICE,GHT,GRD,60.9399678921
ICE,DRK,GRD,60.8742669153
GRS,GRD,GRS,60.8443799190
DRK,STL,FRY,60.7939221201
FIR,PSN,WTR,60.7624391370
PSY,RCK,FGT,60.7307807782
GHT,STL,FRY,60.7149906924
PSY,DRK,DRK,60.6786068274
GRS,DRG,WTR,60.6684638063
FIR,GRS,DRK,60.6465176010
ICE,DRK,FLY,60.6278001837
ICE,GHT,FLY,60.6185230879
ICE,FLY,FGT,60.5964779784
ICE,FGT,ICE,60.5237939335
GRD,FRY,FGT,60.4577285834
PSN,DRG,PSN,60.3973393620
PSN,BUG,PSN,60.3787795913
DRK,STL,DRK,60.2990933018
GRS,FLY,PSN,60.2902093526
WTR,FGT,FRY,60.2818313459
GRS,ICE,GRS,60.2818289588
WTR,FGT,DRK,60.2027221292
ICE,RCK,FGT,60.1954915648
FLY,PSY,STL,60.1730720297
WTR,FGT,PSN,60.1545805856
NRM,STL,---,60.1048249739
GRS,ICE,NRM,60.0630107816
FLY,DRK,WTR,60.0310891190
FLY,GHT,WTR,60.0218120232
GRS,PSY,FLY,60.0213520082
GRS,FLY,GRS,60.0205889639
GRS,STL,FGT,60.0001147151
PSY,GHT,PSY,59.9688798404
PSY,DRK,PSY,59.9455863807
RCK,FRY,FIR,59.9103344414
FIR,GRD,WTR,59.8779245167
NRM,GRS,FGT,59.8677045887
ICE,FRY,WTR,59.7569506379
GRS,---,FGT,59.7059997553
GHT,DRK,GHT,59.6367722980
NRM,GHT,GHT,59.6332420608
FIR,STL,WTR,59.6307392534
GRD,GHT,PSN,59.6263978384
NRM,WTR,NRM,59.6138679895
GRD,DRK,PSN,59.6003980935
GRS,PSY,FRY,59.5665153403
GRS,DRG,FRY,59.5341774961
NRM,GRS,FRY,59.5068819176
GRS,---,FRY,59.5068819176
WTR,STL,---,59.4964040529
PSN,GRD,WTR,59.4127435622
ICE,GRD,PSY,59.3911142363
FLY,DRK,FGT,59.3469674545
FGT,BUG,BUG,59.3225892081
FLY,GHT,FGT,59.2872311501
FGT,PSN,FRY,59.2765690383
ICE,STL,WTR,59.2620740654
FGT,RCK,PSY,59.2196262619
FLY,RCK,WTR,59.2066320658
GRS,STL,PSY,59.1422946520
ICE,FLY,WTR,59.0483701042
WTR,FRY,STL,59.0220998598
ICE,FRY,GRD,59.0170140047
PSY,DRK,FGT,59.0080020491
DRG,DRK,DRK,59.0064453914
FIR,FLY,WTR,59.0018543344
NRM,STL,NRM,58.9808995436
WTR,GRS,FLY,58.9648639464
ICE,GRD,FRY,58.9573114287
PSY,GHT,FGT,58.9482657447
FIR,FGT,PSN,58.9346533004
WTR,ICE,FRY,58.8901440995
PSN,FRY,WTR,58.8837022813
GRS,STL,GHT,58.8815767873
FIR,RCK,FRY,58.7917503605
WTR,FRY,FGT,58.7614043158
WTR,STL,FRY,58.7578970845
GRS,STL,GRS,58.7519539158
FLY,RCK,FRY,58.7426403049
GRS,FGT,DRG,58.7161762541
FGT,DRK,NRM,58.7021581657
FGT,GHT,NRM,58.6928810699
GRD,BUG,BUG,58.6779977121
FIR,GRD,PSN,58.6732938769
GRD,DRK,FGT,58.6618448917
GHT,---,GHT,58.6587624155
GRD,GHT,FGT,58.6375534315
FIR,DRG,DRG,58.6322937106
GHT,FRY,FIR,58.5674251959
DRK,FRY,FIR,58.5419994754
GRD,FRY,FIR,58.5342152283
NRM,RCK,STL,58.5294815270
RCK,---,STL,58.5294815270
GRD,RCK,FRY,58.5164926036
GRD,BUG,FLY,58.5099789775
GRS,PSN,PSY,58.4769689065
ICE,FLY,GRD,58.4719908649
GRS,GRD,DRG,58.4607641024
GRS,DRK,NRM,58.4206093489
GRS,GHT,NRM,58.4113322532
ICE,DRK,FGT,58.4014144948
GRD,RCK,FLY,58.3889081874
ICE,GHT,FGT,58.3771230346
RCK,DRG,DRG,58.3721885996
FIR,ICE,FRY,58.3577816463
FIR,GRS,BUG,58.3307173127
FLY,DRK,DRK,58.3266847912
PSN,DRK,DRK,58.2802415096
PSN,BUG,STL,58.2468455541
FIR,FRY,PSN,58.2364504107
FIR,WTR,FRY,58.2318938853
FGT,RCK,FIR,58.2053245361
PSY,BUG,WTR,58.1983741194
ICE,PSN,FRY,58.1722861092
GRS,FRY,GHT,58.1681958094
NRM,BUG,STL,58.1426979781
BUG,---,STL,58.1426979781
RCK,GHT,FIR,58.1182981156
FLY,STL,WTR,58.1166440881
FGT,DRG,PSN,58.1127696561
GRD,FRY,FLY,58.1120873674
GRS,BUG,BUG,58.1112798788
RCK,GHT,PSN,58.0800810117
FGT,STL,---,58.0526614454
RCK,DRK,FIR,58.0525971387
GRS,PSN,GHT,58.0519842518
RCK,DRK,PSN,58.0282094213
FGT,GRD,NRM,58.0043413739
WTR,PSN,FRY,58.0037735246
PSY,RCK,FIR,57.9671861072
FGT,FLY,GHT,57.9296080884
FIR,PSY,FGT,57.8734509481
FLY,PSY,FGT,57.8150773997
GRD,FLY,GHT,57.8072092775
FIR,ICE,GHT,57.7964564566
WTR,FLY,STL,57.7932208425
GRS,DRG,GRS,57.7788221968
FGT,STL,FLY,57.7639839949
GRS,GRD,BUG,57.7430584889
FGT,PSN,FLY,57.7384273935
PSY,FRY,WTR,57.6591856908
PSN,FRY,STL,57.6533065270
RCK,FRY,FGT,57.6372340380
FIR,GRD,FGT,57.6127888596
GRS,PSY,GRS,57.5920129900
GRS,GHT,PSN,57.5494200665
ICE,STL,ICE,57.5346296202
GRD,PSY,PSN,57.5301321539
GRD,PSY,WTR,57.5249072551
GRS,DRK,PSN,57.4975484761
WTR,PSY,STL,57.4907432765
NRM,PSN,PSN,57.4839652193
FGT,PSY,GHT,57.4820583113
PSY,FRY,PSY,57.4559536588
ICE,DRG,DRG,57.3976702141
PSY,DRG,PSY,57.3891504856
DRK,FRY,GRD,57.3319309478
GHT,FRY,GRD,57.3226538520
FLY,DRG,STL,57.3200127942
PSY,BUG,BUG,57.2870308780
ICE,BUG,GRD,57.2574515406
ICE,BUG,WTR,57.2125530387
RCK,FRY,GRD,57.1701054514
GRD,STL,FLY,57.1593043141
PSN,GRD,FLY,57.1169419057
FIR,DRK,FRY,57.1056501431
FIR,GHT,FRY,57.0963730473
GRS,RCK,DRG,57.0745550456
FIR,RCK,PSN,57.0731728342
WTR,DRK,FGT,57.0357636681
WTR,GHT,FGT,57.0114722079
PSY,DRG,STL,57.0091076968
FGT,GHT,FIR,56.9735075442
PSN,DRK,FRY,56.9459541841
BUG,STL,---,56.9231886093
PSN,---,PSN,56.9186463211
PSN,GHT,FRY,56.9173139615
ICE,STL,PSY,56.8909172914
FGT,DRK,FIR,56.8731037511
ICE,DRK,ICE,56.8726056596
ICE,GHT,ICE,56.8671789064
FGT,PSY,FIR,56.7528712700
GRS,DRG,FLY,56.7390085056
GRD,RCK,NRM,56.7001269286
FGT,PSY,FLY,56.6924445798
WTR,FGT,NRM,56.6861012663
GRD,GHT,FIR,56.6741861404
FGT,GRD,FIR,56.6684408167
FIR,PSY,PSN,56.6545950908
PSY,GHT,FIR,56.6480806986
FLY,PSY,PSY,56.6210004110
PSY,DRK,FIR,56.6178245659
PSY,RCK,GHT,56.6096116176
GRD,DRK,FIR,56.6084851635
WTR,FRY,---,56.5934840479
GRS,BUG,NRM,56.5927902455
FGT,GRD,GHT,56.5902346951
FIR,BUG,BUG,56.4949632224
PSN,GHT,WTR,56.4766060353
NRM,DRK,DRK,56.4518798114
PSN,PSY,WTR,56.4459811025
PSN,DRK,WTR,56.4302681852
FLY,RCK,FGT,56.4052326407
GHT,DRK,DRK,56.3136430517
DRK,---,DRK,56.3136430517
BUG,STL,WTR,56.2623716526
ICE,BUG,FLY,56.2424764142
ICE,STL,GRD,56.2376077099
GRS,PSY,BUG,56.2355075678
NRM,BUG,NRM,56.2306599234
GRD,PSY,FGT,56.1966852761
PSN,PSY,STL,56.1766169006
ICE,PSN,GRD,56.1282287911
ICE,RCK,WTR,56.0886598606
FLY,RCK,PSN,56.0366242112
FGT,STL,FRY,56.0243078160
RCK,DRK,FLY,56.0206922230
FIR,WTR,FGT,56.0114731822
RCK,GHT,FLY,56.0114151272
GRD,RCK,DRK,55.9854576471
WTR,FGT,PSY,55.9782201282
RCK,DRG,WTR,55.9444929774
ICE,FGT,FIR,55.9419399595
RCK,DRK,FGT,55.9245934129
ICE,FRY,FGT,55.9017368795
RCK,GHT,FGT,55.9003019527
DRK,FRY,FGT,55.8916987154
FGT,GHT,GRD,55.8835021948
ICE,RCK,ICE,55.8803263850
ICE,GHT,FIR,55.8610036904
GHT,FRY,FGT,55.8319624110
WTR,GRD,FGT,55.8191675070
FGT,DRK,GRD,55.8178012180
ICE,GRD,FIR,55.7781533040
FIR,DRG,WTR,55.7752531986
FGT,PSY,DRK,55.7685410509
ICE,DRK,FIR,55.7605998973
GRS,FRY,DRK,55.7476337962
FIR,ICE,ICE,55.7177666449
ICE,RCK,GHT,55.7159836245
FGT,RCK,GRD,55.6997571346
GRS,STL,NRM,55.6827231669
GRS,BUG,PSY,55.6432711393
ICE,PSY,FIR,55.6255841944
NRM,GRS,WTR,55.5251893124
GRS,---,WTR,55.5251893124
ICE,PSN,WTR,55.4618759907
WTR,ICE,FGT,55.4588885760
FGT,RCK,RCK,55.4288430037
FGT,FLY,FRY,55.4250257111
FIR,FGT,FRY,55.3897655832
WTR,FGT,---,55.3664988849
FGT,BUG,FRY,55.3477895009
ICE,STL,GHT,55.2957797367
WTR,GRD,FLY,55.2768358392
PSY,RCK,FRY,55.2695586974
ICE,PSY,GHT,55.2405870961
RCK,GHT,GRD,55.2308022385
RCK,DRG,FRY,55.2099252747
NRM,RCK,FRY,55.2099252747
RCK,---,FRY,55.2099252747
FIR,ICE,FLY,55.1863767674
FGT,PSN,PSY,55.1842764769
RCK,DRK,GRD,55.1651012617
WTR,FGT,GHT,55.1380202185
GRD,BUG,PSN,55.0880354228
ICE,BUG,ICE,55.0795719224
NRM,PSN,NRM,55.0703519894
FGT,PSN,NRM,55.0253190449
WTR,DRG,DRG,55.0112604934
GRS,PSN,NRM,54.9072394606
ICE,STL,FLY,54.8982655201
ICE,PSN,FLY,54.8963806876
FLY,BUG,WTR,54.8897017210
FIR,ICE,PSN,54.8087061874
FIR,FRY,FGT,54.7911870149
GRS,RCK,GRS,54.7880604538
GRD,RCK,FGT,54.7692112242
FLY,FRY,FGT,54.7586187345
DRG,FRY,STL,54.7337814793
NRM,FRY,STL,54.7182454394
FRY,---,STL,54.7182454394
FLY,DRG,FGT,54.7076575710
NRM,PSY,PSY,54.6982724849
WTR,GRS,GRS,54.6717596559
NRM,GRS,GRS,54.6717258330
WTR,DRG,STL,54.6529576607
BUG,FRY,WTR,54.6524075342
GRS,BUG,DRK,54.5972036381
PSY,---,PSY,54.5878939169
GRS,---,GRS,54.5780495851
FIR,ICE,PSY,54.5077178340
FLY,DRG,DRG,54.4967856764
DRG,DRK,DRG,54.4948064099
GHT,DRG,DRG,54.4924938454
ICE,PSN,ICE,54.4514228462
GRD,STL,GHT,54.4447547584
PSY,FRY,FGT,54.4346910557
ICE,PSY,GRD,54.4342933563
FIR,ICE,FGT,54.4309394081
FIR,GRD,GHT,54.4065168980
PSY,DRG,FGT,54.3554035906
GRD,DRG,WTR,54.3414174739
BUG,RCK,FIR,54.3077760998
FLY,FRY,WTR,54.2848328643
ICE,BUG,FRY,54.2671886995
ICE,GRD,ICE,54.2658498655
ICE,FLY,FRY,54.2639584496
FGT,FRY,FIR,54.2524449313
GRD,DRK,FRY,54.2459808191
GRD,GHT,FRY,54.2367037234
PSY,DRG,DRG,54.2280909374
WTR,GRS,PSN,54.1639960461
GRD,DRG,PSN,54.1544362907
WTR,BUG,FRY,54.1143081575
GRD,DRG,FGT,54.1059519589
WTR,FLY,FRY,54.1051850468
ICE,PSY,ICE,54.0920802093
RCK,DRK,RCK,54.0437262597
RCK,GHT,RCK,54.0382995066
RCK,STL,---,54.0299749663
GRS,STL,BUG,53.9844973681
FGT,BUG,FLY,53.9600288900
FGT,STL,PSN,53.9209499011
FLY,STL,FRY,53.9104520604
FGT,FRY,GHT,53.8745445770
BUG,STL,FRY,53.8464061422
ICE,PSY,FLY,53.8229875098
FIR,STL,FRY,53.8215240273
FGT,PSN,GHT,53.8147129963
GRD,FRY,GHT,53.8085590715
WTR,PSN,STL,53.8049308246
BUG,DRG,DRG,53.7480411308
GRD,DRK,NRM,53.7388380477
BUG,STL,BUG,53.7326123537
GRD,GHT,NRM,53.7295609520
GRD,STL,PSN,53.7125358388
PSN,GRD,GHT,53.6796888563
NRM,FRY,NRM,53.6578957138
NRM,FGT,PSN,53.6210070152
PSN,FLY,STL,53.6204681216
WTR,GRS,PSY,53.5921287890
GRS,PSY,DRK,53.5831003972
FGT,FRY,FLY,53.5564665593
NRM,FLY,STL,53.5330351707
FLY,---,STL,53.5330351707
FGT,GRD,FRY,53.5257314630
GRS,FLY,BUG,53.5137333837
GRD,FRY,DRK,53.4719948640
BUG,RCK,PSN,53.4669231883
FGT,RCK,DRG,53.3965012706
FGT,DRG,FLY,53.3938941427
FGT,FLY,GRD,53.3900185859
ICE,PSY,PSN,53.3705898906
FGT,FRY,GRD,53.3608702012
FGT,PSY,BUG,53.3189896279
PSN,DRG,STL,53.2972397794
PSN,FRY,FIR,53.2887167681
NRM,PSY,STL,53.2189253563
PSY,---,STL,53.2189253563
GRS,FRY,BUG,53.2096413432
FIR,RCK,GHT,53.1986166816
PSN,FLY,WTR,53.1476784626
FIR,ICE,NRM,53.1325010787
WTR,RCK,FGT,53.1263054871
FIR,ICE,DRK,53.1135342825
PSY,BUG,FGT,53.0793233184
RCK,FRY,GHT,53.0681470389
PSN,PSY,FGT,53.0576866536
FIR,DRK,FGT,53.0529698558
FLY,DRK,FRY,53.0473784040
FLY,GHT,FRY,53.0381013083
FIR,GHT,FGT,53.0286783956
WTR,DRK,FLY,52.9968237863
WTR,GHT,FLY,52.9875466905
FLY,BUG,BUG,52.9855005776
RCK,STL,RCK,52.9813615266
ICE,RCK,FLY,52.9591349308
FLY,DRK,GRD,52.9401998377
FLY,GHT,GRD,52.9309227419
RCK,STL,FIR,52.9265556943
ICE,FRY,ICE,52.9225912004
ICE,FRY,FIR,52.9059477810
FGT,FRY,DRK,52.8795123168
FIR,WTR,GHT,52.8746421188
FGT,BUG,PSN,52.8666860674
BUG,FRY,BUG,52.8650038348
GRD,BUG,FIR,52.8648454306
WTR,GRS,GHT,52.8526918093
GRS,GHT,PSY,52.8416852487
GRD,BUG,FGT,52.8408405187
PSN,GRD,FGT,52.8347506451
PSN,RCK,FIR,52.8293451626
DRG,FRY,DRG,52.8199009922
PSN,RCK,GHT,52.8168382277
GRD,RCK,RCK,52.8108256058
FGT,---,PSN,52.8064500595
GRS,DRK,PSY,52.8019840167
FIR,ICE,GRD,52.7955414327
PSY,BUG,FIR,52.7932258595
GRD,DRG,FLY,52.7804867872
WTR,ICE,FLY,52.7759080708
FGT,DRG,DRK,52.7713063246
ICE,RCK,PSN,52.7689570477
ICE,RCK,GRD,52.6737579188
FIR,GRS,DRG,52.6490457895
RCK,STL,GHT,52.6416758930
STL,FRY,GRD,52.6415811157
ICE,FLY,ICE,52.6072019515
ICE,RCK,PSY,52.6067100836
FGT,GHT,GRS,52.5979023848
BUG,RCK,RCK,52.5886657887
RCK,DRG,PSN,52.5651087326
WTR,GRS,DRK,52.5622990053
FGT,DRK,GRS,52.5322014080
GRS,FGT,ICE,52.4886625683
PSN,FRY,GRD,52.4727474267
WTR,DRG,FGT,52.4687583305
ICE,FLY,GHT,52.4478693455
BUG,GHT,WTR,52.4301672138
GRS,FRY,NRM,52.4218525279
RCK,FRY,RCK,52.3801123034
PSY,FRY,FIR,52.3473196519
BUG,DRK,WTR,52.3452711137
STL,FRY,FIR,52.3448875573
NRM,FLY,NRM,52.3364744257
GRD,BUG,DRK,52.3325597492
FGT,STL,PSY,52.3292429967
FGT,BUG,PSY,52.3046150019
BUG,GHT,BUG,52.2915307751
NRM,GRS,FLY,52.2424955745
GRS,---,FLY,52.2424955745
GRD,RCK,FIR,52.1563375037
FIR,PSY,GHT,52.1420989415
GRD,FLY,---,52.1279135634
GRD,STL,FRY,52.1184724318
GRS,BUG,PSN,52.1044987518
WTR,FRY,FIR,52.0824636958
GRD,BUG,NRM,52.0819143192
GRS,DRG,PSN,52.0706155083
NRM,PSY,NRM,52.0686986777
BUG,DRK,BUG,52.0388015268
FIR,FGT,DRK,51.9494220839
GRS,FRY,PSY,51.8696397537
FLY,PSY,WTR,51.8445923441
FLY,RCK,FIR,51.8259247676
WTR,FLY,---,51.8124900137
GRS,DRG,PSY,51.7829926748
FLY,RCK,GHT,51.7753117198
FGT,FLY,DRK,51.7516409813
PSN,RCK,RCK,51.7210174503
FGT,BUG,DRK,51.7042844675
FGT,STL,FIR,51.6964980354
FGT,PSN,DRK,51.6881495726
BUG,RCK,FLY,51.6854787643
FGT,PSN,FIR,51.6814134964
FGT,STL,NRM,51.6588562506
GRS,STL,PSN,51.6457490060
PSN,GHT,FIR,51.5962418201
DRK,STL,FIR,51.5840626000
GHT,STL,FIR,51.5801092449
PSN,DRK,FIR,51.5499039701
BUG,RCK,GRD,51.5402532949
FIR,GRD,FRY,51.5289349728
GRD,STL,FIR,51.4900971881
ICE,FGT,DRG,51.4885144407
RCK,DRK,NRM,51.4743266449
RCK,GHT,NRM,51.4650495492
PSY,RCK,RCK,51.4614142440
GHT,DRG,WTR,51.4533059589
PSN,GRD,FIR,51.4475503137
PSY,DRG,WTR,51.4194536893
WTR,ICE,PSY,51.4130222372
ICE,FRY,FLY,51.4086781824
PSY,STL,FIR,51.3956428172
PSN,PSY,FIR,51.3877987592
DRG,DRK,WTR,51.3876049821
PSN,BUG,BUG,51.3464006870
RCK,DRG,FGT,51.3137837151
ICE,RCK,DRK,51.2986633467
PSN,BUG,WTR,51.2889176524
GRS,GHT,BUG,51.2780958661
RCK,STL,PSN,51.2725025293
PSN,GRD,FRY,51.2519522871
WTR,RCK,PSN,51.2408987868
RCK,FRY,FLY,51.2406179780
ICE,GRD,DRG,51.2292120608
GRS,DRK,BUG,51.1931997661
FGT,STL,GRD,51.1710712705
WTR,BUG,FGT,51.1608152719
WTR,PSN,FGT,51.1547253983
FGT,PSN,GRS,51.1464320420
FIR,FGT,NRM,51.0785331277
GRD,STL,NRM,51.0635746568
PSY,STL,---,51.0530459979
FGT,PSN,GRD,51.0106551442
ICE,BUG,FIR,50.9761359748
ICE,PSN,PSY,50.9361827209
WTR,FRY,GRD,50.9297889977
GRS,FLY,DRG,50.9038072536
NRM,RCK,WTR,50.8620838064
RCK,---,WTR,50.8620838064
ICE,RCK,NRM,50.8472994933
NRM,WTR,STL,50.8472392803
WTR,---,STL,50.8472392803
WTR,RCK,GHT,50.8414518819
ICE,STL,NRM,50.8400806032
FIR,GRS,---,50.8376494208
FIR,GRD,DRK,50.8215161508
FGT,BUG,NRM,50.7902563421
GRS,FRY,GRD,50.7764780273
DRK,FRY,PSN,50.7683745236
GHT,FRY,PSN,50.7589294243
FIR,FLY,FGT,50.7408566913
FGT,FLY,NRM,50.7276531712
FIR,PSN,FRY,50.7162582427
DRK,STL,GRD,50.7097971475
GHT,STL,GRD,50.7058437925
GRS,DRG,GHT,50.6669410832
GRS,FLY,PSY,50.6396060288
FGT,STL,GHT,50.6380359408
NRM,FIR,WTR,50.6319787047
GRS,DRG,DRK,50.6237241770
GRS,FLY,NRM,50.6234128947
FGT,FLY,FIR,50.6095203246
FLY,STL,FGT,50.6089081619
FIR,FGT,GHT,50.6045627862
PSN,GHT,GRD,50.5873013086
ICE,PSN,FIR,50.5840139775
FGT,FLY,BUG,50.5689168990
FIR,RCK,FLY,50.5654869111
WTR,PSN,---,50.5635092021
PSN,DRK,GRD,50.5409634585
ICE,FRY,PSN,50.5323836454
FLY,DRK,FIR,50.5219742293
FIR,GHT,PSN,50.5182228792
FLY,BUG,FGT,50.5151767091
FLY,GHT,FIR,50.5126971335
FIR,RCK,PSY,50.5100297839
RCK,STL,GRD,50.4995718649
FIR,DRK,PSN,50.4922231343
WTR,ICE,ICE,50.4873266749
PSN,FLY,FGT,50.4849860259
FGT,FRY,GRS,50.4702212368
NRM,FLY,FGT,50.4677309629
FLY,---,FGT,50.4677309629
ICE,DRG,ICE,50.4368625801
GRS,RCK,BUG,50.4362966879
ICE,RCK,RCK,50.4345381454
FIR,GRD,NRM,50.4341522831
ICE,DRK,NRM,50.4314461099
ICE,GHT,NRM,50.4221690142
NRM,ICE,ICE,50.4100098054
GRD,FLY,FIR,50.3946899665
PSN,RCK,PSY,50.3892382837
PSN,RCK,GRD,50.3870315684
ICE,---,ICE,50.3851965536
NRM,DRG,STL,50.3491032403
DRG,---,STL,50.3491032403
RCK,STL,FLY,50.3389884662
PSN,GRD,NRM,50.3383234413
FGT,GRD,PSY,50.3258186880
FGT,PSY,NRM,50.3178459062
ICE,STL,---,50.3168108125
RCK,DRG,RCK,50.3165660517
WTR,FRY,PSN,50.3136859769
GRD,RCK,PSY,50.3135953225
GRS,PSN,BUG,50.3134179826
WTR,FGT,FIR,50.2887621563
FIR,RCK,FGT,50.2757917589
PSN,RCK,FLY,50.2703114860
GRD,PSY,FIR,50.2648606614
WTR,GHT,FIR,50.2644896076
FGT,FRY,BUG,50.2484976097
PSY,STL,FGT,50.2301740156
GRS,DRK,DRG,50.2023648442
WTR,DRK,FIR,50.1987886308
GRS,GHT,DRG,50.1984114891
GRS,PSY,DRG,50.1968220900
WTR,GRD,DRK,50.1891386810
WTR,ICE,DRK,50.1824095537
GRS,PSY,NRM,50.1809828122
FIR,WTR,PSN,50.1667141479
GRS,STL,DRK,50.1617744031
RCK,STL,PSY,50.1487402420
NRM,PSY,FGT,50.1122722655
PSY,---,FGT,50.1122722655
FIR,GRD,---,50.1087231305
FGT,DRK,---,50.1054205594
WTR,PSY,FIR,50.0625449563
BUG,RCK,FGT,50.0206490751
PSN,RCK,FGT,49.9883438496
GRD,STL,FGT,49.9726485962
ICE,FLY,PSN,49.9704429996
GRS,RCK,RCK,49.9523584671
WTR,RCK,RCK,49.9502583800
BUG,FRY,FGT,49.9369133447
PSN,FRY,FGT,49.9280669417
FIR,FLY,---,49.9085066921
FIR,WTR,PSY,49.9076097111
ICE,BUG,BUG,49.8930268822
NRM,GRD,FGT,49.8737894659
WTR,GRD,PSN,49.8395602525
FGT,PSN,---,49.7977983615
ICE,FGT,BUG,49.7678808879
NRM,DRG,NRM,49.7458161402
GRD,---,FGT,49.7120846325
BUG,RCK,NRM,49.7103409425
ICE,STL,FGT,49.6980102198
NRM,GRD,PSN,49.6786418056
GRD,---,PSN,49.6786418056
ICE,STL,FIR,49.6508412948
ICE,BUG,FGT,49.6326300223
ICE,PSN,FGT,49.6286546909
FGT,FLY,GRS,49.6155197344
ICE,DRG,FGT,49.6091016454
GRS,FLY,DRK,49.5988231451
DRG,DRK,FGT,49.5827537093
FGT,PSY,---,49.5719051986
GHT,DRG,FGT,49.5584622490
FGT,GHT,PSY,49.5551490945
NRM,ICE,FGT,49.5465574736
ICE,---,FGT,49.5465574736
GRS,PSN,DRK,49.5353317364
ICE,FLY,FIR,49.5311297049
DRG,STL,WTR,49.5213406594
FGT,DRK,PSY,49.5154478626
NRM,PSN,STL,49.5010764042
PSN,---,STL,49.5010764042
GRS,ICE,DRG,49.4971523719
FIR,---,WTR,49.4420396006
FIR,WTR,DRK,49.4346379586
GRS,BUG,DRG,49.4320623034
ICE,RCK,FIR,49.3909416490
WTR,FGT,GRD,49.3888053394
FIR,RCK,DRK,49.3754080185
FIR,FGT,FLY,49.3748605894
FIR,FRY,---,49.3647479903
FGT,PSY,GRD,49.3569252523
WTR,ICE,FIR,49.3419378114
BUG,FRY,FIR,49.3172577887
GRS,BUG,GHT,49.3127337035
DRK,FRY,FLY,49.2905149871
WTR,ICE,GHT,49.2848672770
WTR,GRD,---,49.2816660624
GHT,FRY,FLY,49.2812378913
FLY,BUG,GRD,49.2744781773
NRM,GRD,WTR,49.2519696418
GRD,---,WTR,49.2519696418
PSY,RCK,FLY,49.2360413433
GRS,FGT,GRD,49.2354943690
BUG,FRY,GRD,49.2286114070
RCK,DRG,FIR,49.2115261725
PSY,DRK,PSN,49.2077734707
PSY,GHT,PSN,49.1983283714
GRD,PSY,GHT,49.1878314565
FIR,FRY,GRD,49.1861632282
FIR,WTR,NRM,49.1445102450
GRD,STL,PSY,49.1439748483
WTR,GRS,NRM,49.1372328557
PSY,FRY,PSN,49.1356015886
PSN,STL,---,49.0337264284
WTR,GHT,GRD,48.9849561199
FGT,STL,DRK,48.9762711000
FLY,FRY,GRD,48.9421386008
PSY,GHT,GRD,48.9331545854
WTR,DRK,GRD,48.9192551430
NRM,FGT,FLY,48.9135881461
FGT,---,FLY,48.9135881461
PSY,DRK,GRD,48.9028984527
FGT,STL,GRS,48.8914899347
FIR,PSY,BUG,48.8731578848
FLY,RCK,GRD,48.8554416341
NRM,FGT,DRK,48.8542798532
FGT,GHT,DRK,48.8542798532
FGT,---,DRK,48.8542798532
ICE,PSY,FRY,48.8482104297
DRG,FRY,WTR,48.8429612035
GRS,GHT,GRD,48.8316451495
FIR,RCK,RCK,48.8178000978
ICE,DRG,FRY,48.8158725855
NRM,FRY,WTR,48.8001295851
FRY,---,WTR,48.8001295851
NRM,ICE,FRY,48.7885770070
ICE,---,FRY,48.7885770070
GRS,DRK,GRD,48.7659441726
PSY,RCK,GRD,48.7489628832
ICE,PSY,DRK,48.7410581452
FLY,RCK,RCK,48.7367407774
WTR,RCK,GRD,48.7263385350
BUG,GHT,FIR,48.7193981587
NRM,RCK,RCK,48.7007570511
RCK,---,RCK,48.7007570511
WTR,PSY,PSN,48.6959273012
GRS,RCK,GRD,48.6843486987
FIR,GRD,FLY,48.6672937919
WTR,ICE,GRD,48.6620024564
FGT,BUG,FIR,48.6433658134
WTR,BUG,FLY,48.6238278838
FIR,FRY,GHT,48.6124985347
GRS,ICE,GRD,48.6015453369
BUG,DRK,FIR,48.5997992423
WTR,RCK,FLY,48.5783226281
PSN,STL,FRY,48.5759253741
GRS,DRK,ICE,48.5669354428
GRS,GHT,ICE,48.5576583470
NRM,ICE,GRD,48.5284494481
ICE,DRG,GRD,48.5284494481
ICE,---,GRD,48.5284494481
FIR,DRG,FGT,48.5258199799
WTR,GRD,GHT,48.5145709466
FIR,DRK,FLY,48.5141966219
FIR,GHT,FLY,48.5049195261
FGT,FRY,PSY,48.4989945101
FIR,FLY,PSN,48.4987581447
BUG,RCK,BUG,48.4757875919
PSN,GRD,PSY,48.4690160257
ICE,PSN,GHT,48.4160592293
FGT,DRG,PSY,48.4123474311
FGT,GHT,BUG,48.4088613948
DRK,STL,FLY,48.3892102823
GRD,PSY,FLY,48.3764799479
FGT,BUG,GRS,48.3763685630
PSN,DRK,FLY,48.3552361184
FIR,RCK,NRM,48.3486435853
NRM,GRD,FLY,48.3268054745
GRD,---,FLY,48.3268054745
PSN,GHT,FLY,48.3265958958
FGT,DRK,BUG,48.3239652947
GHT,STL,FLY,48.3102788547
BUG,DRK,FGT,48.2902513416
FLY,STL,GRD,48.2893855465
PSN,DRK,FGT,48.2841614680
WTR,STL,FGT,48.2787827935
BUG,GHT,FGT,48.2659598814
PSN,GHT,FGT,48.2598700077
WTR,RCK,PSY,48.2569649931
GRD,DRG,DRK,48.2553204292
WTR,FRY,FLY,48.2406927071
FIR,STL,GHT,48.2394741198
ICE,FGT,GRS,48.1985439256
NRM,WTR,FGT,48.1937642191
WTR,---,FGT,48.1937642191
ICE,GHT,PSY,48.1456293296
FLY,DRG,WTR,48.1412589379
PSN,FLY,GRD,48.1205518576
GRS,STL,ICE,48.1165343902
ICE,DRK,PSY,48.1059280976
NRM,RCK,PSN,48.0963529086
ICE,BUG,PSY,48.0897282116
RCK,---,PSN,48.0704810631
FGT,DRG,FIR,47.9670549137
GHT,DRG,FIR,47.9376488665
PSN,RCK,NRM,47.8845629789
GRD,FRY,NRM,47.8563995906
DRG,STL,---,47.8429158502
DRG,DRK,FIR,47.8372450733
GRD,STL,DRK,47.8266651384
GRS,FRY,DRG,47.8195328673
RCK,FRY,DRK,47.8171139429
ICE,STL,DRK,47.7976971624
GRD,DRG,FIR,47.7866292079
FGT,BUG,GRD,47.7358343652
STL,FRY,PSN,47.7284012792
PSY,DRG,FIR,47.7259784687
PSN,BUG,FIR,47.6965481945
RCK,STL,NRM,47.6824835865
BUG,RCK,PSY,47.6563654868
FIR,FGT,GRD,47.6543839098
BUG,GHT,FRY,47.6483376784
WTR,GHT,---,47.6412357031
BUG,DRK,FRY,47.6384196509
PSN,DRG,DRG,47.6175747256
WTR,FLY,GHT,47.6079425488
FIR,DRK,NRM,47.6076102722
NRM,GRS,PSY,47.6019720930
GRS,---,PSY,47.6019720930
FIR,GHT,NRM,47.5983331765
FIR,FGT,PSY,47.5467137016
NRM,GRS,PSN,47.5409943614
FGT,STL,BUG,47.5362390343
FIR,WTR,FLY,47.5085834218
DRG,STL,DRG,47.5073015212
GRD,STL,---,47.5047879516
BUG,GHT,GRD,47.4852232679
FGT,PSN,BUG,47.4455050936
GRD,FLY,FRY,47.4013501990
BUG,DRK,GRD,47.4003271678
WTR,BUG,BUG,47.3850417266
GRD,BUG,FRY,47.3772433534
ICE,GHT,PSN,47.3155052605
WTR,STL,FLY,47.3007358204
PSY,DRK,FLY,47.2900512407
ICE,DRK,PSN,47.2895055156
FGT,FLY,DRG,47.2867859229
GRD,FLY,DRK,47.2842460591
PSY,GHT,FLY,47.2807741449
FGT,FLY,PSY,47.2767357112
WTR,PSN,FLY,47.2641481716
FIR,GHT,GRD,47.2468196993
DRK,FRY,GRS,47.2287018207
PSN,GRD,DRK,47.2207546504
GHT,FRY,GRS,47.2194247249
FGT,DRK,ICE,47.1998269968
FGT,DRG,GRD,47.1938051727
FGT,PSY,GRS,47.1929009183
FGT,GHT,ICE,47.1905499010
FIR,DRK,GRD,47.1811187225
WTR,RCK,DRK,47.1569707403
RCK,STL,FGT,47.1517744120
STL,FRY,FGT,47.1436603050
ICE,FRY,GHT,47.1367647851
ICE,FRY,DRK,47.1292855914
WTR,PSY,GHT,47.1196006467
FGT,GRD,BUG,47.1093831460
NRM,RCK,FGT,47.0752709338
RCK,---,FGT,47.0752709338
ICE,BUG,DRK,47.0716282010
BUG,STL,GRD,47.0441123522
DRG,FRY,FGT,47.0350391773
WTR,STL,PSY,47.0000281953
NRM,FRY,FGT,46.9922075589
FRY,---,FGT,46.9922075589
GRD,FLY,DRG,46.9721006616
FLY,STL,GHT,46.9405581988
FIR,GHT,---,46.9039179321
WTR,ICE,PSN,46.8875208635
GRD,RCK,DRG,46.8766891470
PSN,BUG,GRD,46.8752786633
FGT,GRD,DRG,46.8729679452
FIR,BUG,FRY,46.8404429797
GHT,DRG,GRD,46.7808576216
BUG,STL,FIR,46.7633755119
FGT,DRK,DRG,46.7387284858
FGT,GHT,DRG,46.7347751308
GRS,---,PSN,46.7264374056
BUG,RCK,DRK,46.7155512630
GRS,ICE,BUG,46.7154732203
DRG,DRK,GRD,46.7151566447
NRM,GRS,DRK,46.6688391995
GRS,GHT,DRK,46.6688391995
GRS,---,DRK,46.6688391995
FLY,BUG,FIR,46.6686184537
FGT,FRY,NRM,46.6436680985
FGT,PSY,DRG,46.6319638955
PSN,BUG,FRY,46.6162180884
RCK,DRG,GRD,46.5993631219
PSN,FLY,FRY,46.5741487794
FGT,PSY,FRY,46.5563184471
STL,---,---,46.5433848599
NRM,---,STL,46.5433848599
FGT,DRG,FRY,46.5239806029
WTR,FLY,GRD,46.5075991410
NRM,FGT,FRY,46.4966850244
FGT,---,FRY,46.4966850244
GRS,DRG,BUG,46.4893261461
FGT,DRG,NRM,46.4683054201
PSY,STL,GHT,46.4636419241
GHT,DRK,WTR,46.4141266694
WTR,BUG,FIR,46.4130938981
NRM,---,NRM,46.4069153770
GRS,FLY,GRD,46.4022745601
WTR,PSN,PSY,46.3975429602
GRS,DRG,NRM,46.3693008321
FGT,DRG,GHT,46.3374228710
NRM,GHT,WTR,46.3351952417
GHT,---,WTR,46.3351952417
NRM,PSY,WTR,46.3080419818
PSY,---,WTR,46.3080419818
NRM,DRK,WTR,46.2694942649
DRK,---,WTR,46.2694942649
BUG,DRG,WTR,46.2511589264
WTR,PSY,FLY,46.2021006239
GRD,DRK,DRG,46.1937826920
GRD,DRG,GHT,46.1910498115
GRD,GHT,DRG,46.1898293370
ICE,DRG,FLY,46.1754637423
PSY,STL,PSN,46.1587566397
BUG,DRG,BUG,46.1551469428
GRS,FRY,---,46.1526302019
FLY,FRY,FIR,46.1456947212
FIR,STL,PSY,46.1228278508
NRM,ICE,FLY,46.1129195704
ICE,---,FLY,46.1129195704
GRD,STL,BUG,46.0693172444
GRD,FLY,NRM,46.0190218038
DRG,FRY,FIR,46.0012588522
NRM,FRY,FIR,45.9931300501
GRS,DRK,GHT,45.9844865013
NRM,GRS,GHT,45.9652913781
RCK,DRG,FLY,45.9577951494
FIR,BUG,PSN,45.9528204102
GRS,---,GHT,45.9394694833
FIR,FRY,GRS,45.9041944873
FIR,FRY,BUG,45.8978826955
GRS,BUG,ICE,45.8876665469
WTR,FGT,BUG,45.8447922372
FIR,PSN,---,45.8445142104
FLY,DRK,PSN,45.7973851128
FLY,GHT,PSN,45.7879400135
PSN,FRY,GRS,45.7765823510
FGT,DRG,GRS,45.7457548870
FLY,FRY,PSN,45.7106404522
WTR,RCK,FIR,45.6768538082
NRM,DRG,DRG,45.6686560666
DRG,---,DRG,45.6686560666
WTR,RCK,NRM,45.6542379805
GRD,BUG,PSY,45.6434251544
GRD,FLY,BUG,45.6171089647
GRS,RCK,FIR,45.6159367406
PSY,RCK,DRK,45.6002265316
GRD,BUG,DRG,45.5943755262
GRS,RCK,ICE,45.5534355577
NRM,RCK,FIR,45.5428408518
RCK,---,FIR,45.5428408518
WTR,GRD,FRY,45.4637791591
RCK,FRY,NRM,45.4596760329
RCK,DRG,GHT,45.4469653312
DRK,STL,FGT,45.4349520462
ICE,DRG,WTR,45.4156809008
GHT,STL,FGT,45.4106605860
GHT,DRK,FGT,45.3586451329
NRM,ICE,WTR,45.3424802007
GRD,FRY,BUG,45.3388887697
WTR,FLY,PSN,45.3378841196
FIR,GRS,ICE,45.3281098388
NRM,DRK,FGT,45.3232002888
DRK,---,FGT,45.3232002888
FIR,ICE,BUG,45.3074158398
FLY,STL,FIR,45.3069049885
NRM,GHT,FGT,45.2989088285
GHT,---,FGT,45.2989088285
WTR,DRG,FRY,45.2663405393
WTR,PSY,FRY,45.2649168063
WTR,BUG,GRD,45.2566615976
FIR,FGT,GRS,45.2532997476
FIR,PSN,GHT,45.2515062942
NRM,WTR,FRY,45.2390449608
WTR,---,FRY,45.2390449608
PSY,BUG,GRD,45.2372136574
WTR,FGT,DRG,45.2312447450
PSN,FLY,FIR,45.2241857397
GRS,BUG,GRD,45.1033506272
FIR,DRG,PSN,45.0859994318
PSY,STL,FRY,45.0722438669
WTR,STL,FIR,45.0646602274
GRS,FRY,FIR,45.0546368049
DRG,STL,FRY,45.0399060227
NRM,STL,FRY,45.0126104442
STL,---,FRY,45.0126104442
ICE,BUG,NRM,45.0071262336
WTR,PSN,FIR,44.9957987812
FRY,---,FIR,44.9815409161
FGT,BUG,GHT,44.9727119428
PSY,FRY,GRD,44.9705545091
GRS,PSN,ICE,44.9497014269
NRM,FRY,GRD,44.9087911775
DRG,FRY,GRD,44.9087911775
FRY,---,GRD,44.9087911775
GRD,BUG,GHT,44.9049632363
RCK,GHT,PSY,44.8220506765
RCK,DRK,PSY,44.7823494446
WTR,DRK,---,44.7795103352
ICE,GRD,BUG,44.7547643455
BUG,GHT,FLY,44.7484965208
GRS,GRD,ICE,44.7453727024
BUG,DRK,FLY,44.7385784933
WTR,GRD,NRM,44.6300557869
FGT,FLY,---,44.6236421354
WTR,FRY,DRK,44.6059719403
PSY,BUG,PSN,44.6003603456
RCK,FRY,---,44.5911357058
FIR,FRY,DRK,44.5800838074
PSY,STL,BUG,44.5761692468
PSN,DRG,WTR,44.5418600088
GRS,PSY,ICE,44.5337811261
PSN,STL,WTR,44.4871506880
PSN,GHT,GRS,44.4829237125
PSN,DRK,GRS,44.4365858625
FIR,GHT,GRS,44.4305433412
GRD,PSY,DRK,44.4273513662
NRM,STL,WTR,44.3997177371
FIR,DRK,GRS,44.3648423643
FIR,STL,FGT,44.3562573005
NRM,GRD,DRK,44.3542621135
GRD,GHT,DRK,44.3542621135
GRD,---,DRK,44.3542621135
FIR,PSN,FGT,44.3424780910
GRS,FGT,FIR,44.3374636215
FIR,BUG,FGT,44.3336631605
FLY,DRG,GRD,44.3309887223
ICE,STL,PSN,44.3149962597
WTR,ICE,NRM,44.3125628103
GHT,DRK,FIR,44.3121934273
GRS,GHT,FIR,44.3063578884
NRM,FGT,FIR,44.2990705491
FIR,GRD,PSY,44.2918841966
FGT,---,FIR,44.2643677328
FIR,FGT,BUG,44.2594601501
NRM,FGT,PSY,44.2586491415
NRM,FIR,FGT,44.2508258685
FIR,---,FGT,44.2508258685
PSY,STL,GRD,44.2417512682
NRM,GHT,FIR,44.2332619996
GHT,---,FIR,44.2332619996
WTR,STL,GRD,44.2290086438
GHT,DRK,FRY,44.2265443135
WTR,STL,GHT,44.2239020230
PSY,DRK,FRY,44.2165234043
FLY,PSY,FIR,44.2077943901
PSY,GHT,FRY,44.2072463085
GRS,DRK,FIR,44.2059540953
WTR,GRD,FIR,44.2045352371
DRG,DRK,FRY,44.1841855601
GHT,DRG,FRY,44.1749084644
GRS,GRD,FIR,44.1730060715
FIR,BUG,FLY,44.1696608778
NRM,DRK,FIR,44.1675610228
NRM,DRK,FRY,44.1568899816
DRK,---,FRY,44.1568899816
WTR,PSN,GRD,44.1485576788
NRM,GHT,FRY,44.1476128858
GHT,---,FRY,44.1476128858
FIR,FLY,GHT,44.1356874824
BUG,RCK,GHT,44.1346116550
DRK,---,FIR,44.1328582065
GRS,STL,GRD,44.1319910659
FGT,---,PSY,44.1281804969
ICE,---,WTR,44.1240399769
FLY,PSY,PSN,44.1089382705
GRS,PSY,FIR,44.1013865003
NRM,GRD,FIR,44.0999101827
GRD,---,FIR,44.0999101827
PSN,PSY,GRD,44.0729175793
NRM,PSY,FIR,44.0282906116
PSY,---,FIR,44.0282906116
DRG,DRK,FLY,44.0017460253
GRD,FRY,DRG,43.9973928952
GRS,PSN,GRD,43.9952467083
GHT,DRG,FLY,43.9924689295
BUG,DRG,FIR,43.9887937748
FGT,RCK,BUG,43.9862576349
BUG,STL,FLY,43.9550170922
WTR,FLY,FIR,43.9456723541
PSN,BUG,FLY,43.9210429283
FIR,STL,NRM,43.8959828313
FIR,GHT,BUG,43.8827323393
RCK,FRY,PSY,43.8252146259
FIR,DRK,BUG,43.7978362393
FIR,STL,PSN,43.7860043395
FIR,FRY,FLY,43.7717692677
RCK,DRG,PSY,43.7112719684
GRD,FRY,GRS,43.6773220694
PSY,DRG,PSN,43.6761011856
NRM,BUG,BUG,43.6732659358
FGT,STL,ICE,43.6533484790
WTR,FRY,GHT,43.6424019302
BUG,DRG,FGT,43.6407586003
PSN,DRG,FGT,43.6346687267
FIR,DRK,---,43.6048101626
FIR,PSN,PSY,43.5909647127
WTR,GRD,PSY,43.5816591073
FIR,FGT,---,43.5802377226
STL,FRY,GRS,43.5769430801
FGT,PSN,ICE,43.5680229790
WTR,BUG,PSY,43.5571956555
FGT,DRG,BUG,43.5349081204
WTR,PSN,GHT,43.5188356924
FIR,BUG,GRD,43.5153970621
STL,FRY,FLY,43.5027590578
BUG,---,BUG,43.4809885915
PSN,FRY,FLY,43.4687848938
WTR,BUG,DRK,43.4555417822
NRM,FGT,GRD,43.3694976709
FGT,---,GRD,43.3694976709
WTR,GRS,DRG,43.3055046418
ICE,PSN,NRM,43.3009122304
GRD,GHT,BUG,43.2853583799
FGT,GRD,ICE,43.2784119815
ICE,DRG,FIR,43.2558534561
NRM,ICE,FIR,43.2526041657
BUG,STL,PSY,43.2376648581
ICE,PSY,BUG,43.2347548595
STL,---,WTR,43.2097786330
GRD,DRK,BUG,43.2004622798
PSY,RCK,NRM,43.1763394602
FIR,RCK,GRD,43.1184086488
BUG,FRY,GRS,43.0981133015
FGT,PSY,ICE,43.0906830164
FIR,STL,BUG,43.0816053755
GRS,PSN,---,43.0553979798
BUG,DRG,GRD,43.0543763265
ICE,FLY,PSY,43.0523587521
GHT,DRK,GRD,43.0444383897
ICE,FRY,PSY,43.0401546393
NRM,FLY,WTR,43.0234969421
FLY,---,WTR,43.0234969421
FIR,PSN,BUG,43.0022718670
ICE,DRG,PSY,42.9727554842
WTR,DRG,FLY,42.9705246715
NRM,GHT,GRD,42.9655069620
GHT,---,GRD,42.9655069620
FLY,DRK,GRS,42.9266950266
FLY,GHT,GRS,42.9174179308
FGT,GRD,GRS,42.9122060896
STL,FRY,GHT,42.9024165545
NRM,DRK,GRD,42.8998059852
DRK,---,GRD,42.8998059852
NRM,ICE,PSY,42.8995547841
ICE,---,PSY,42.8995547841
PSY,BUG,FLY,42.8750601145
PSN,DRK,---,42.8733811894
FIR,STL,FLY,42.8453007862
FLY,STL,PSN,42.8336600824
WTR,GRS,BUG,42.8148894615
FIR,PSN,FLY,42.8113266222
WTR,DRK,NRM,42.8103486810
WTR,GHT,NRM,42.8010715853
PSN,PSY,GHT,42.7981356943
NRM,RCK,GRD,42.7817619018
RCK,---,GRD,42.7817619018
GRD,GHT,PSY,42.7598545823
FGT,RCK,GRS,42.7542661490
FLY,BUG,FRY,42.7356763309
GRD,DRK,PSY,42.7201533503
DRK,STL,ICE,42.7005211813
WTR,FGT,GRS,42.6949362981
DRG,STL,FIR,42.6942206970
ICE,BUG,PSN,42.6834591286
FIR,GRD,BUG,42.6789947152
NRM,GRS,BUG,42.6647008856
GRS,---,BUG,42.6647008856
PSN,DRG,FIR,42.6611635902
RCK,DRG,DRK,42.6493784898
NRM,FGT,GRS,42.6379315282
FGT,---,GRS,42.6379315282
WTR,GHT,PSN,42.6261311111
GRS,FRY,ICE,42.6216474633
GHT,STL,ICE,42.6215897536
WTR,DRK,PSN,42.6001313662
FLY,RCK,PSY,42.5550864287
FIR,STL,GRD,42.5531392310
GRD,RCK,BUG,42.5198290635
WTR,PSY,GRD,42.4941936521
PSY,FRY,FLY,42.4771685044
PSN,GRD,BUG,42.4537145244
FIR,BUG,---,42.3886790492
FIR,PSN,GRD,42.3843055421
GRS,PSY,GRD,42.3408826816
WTR,PSY,DRK,42.3408751219
FIR,PSY,DRK,42.3403517157
GRS,ICE,FIR,42.3141109205
FIR,BUG,NRM,42.2652841879
ICE,---,FIR,42.2410150318
GRS,FLY,ICE,42.2396049761
DRK,STL,GRS,42.2201315648
GRD,GHT,GRS,42.2193528610
GHT,STL,GRS,42.2161782097
FIR,RCK,---,42.2058681566
RCK,DRK,DRG,42.1907894329
RCK,GHT,DRG,42.1868360779
PSY,RCK,DRG,42.1847592314
GRD,DRK,GRS,42.1536518841
DRG,STL,GRD,42.1020080367
ICE,PSY,NRM,42.0907257937
FIR,FLY,BUG,42.0849625576
WTR,GRS,---,42.0516033779
ICE,FLY,DRK,42.0322709606
ICE,PSN,DRK,42.0098556645
ICE,DRG,DRK,41.9922009211
PSN,DRG,GRD,41.9331743478
NRM,ICE,DRK,41.9190002210
ICE,GHT,DRK,41.9190002210
ICE,---,DRK,41.9190002210
PSY,GHT,BUG,41.9140017691
BUG,GHT,GRS,41.8793762888
DRK,STL,NRM,41.8725173948
PSY,DRK,BUG,41.8645505132
FLY,STL,BUG,41.8545088222
PSN,RCK,---,41.8353610995
GRD,FRY,PSY,41.8152167578
BUG,DRK,GRS,41.7944801888
GHT,STL,NRM,41.7935859672
FIR,PSY,FLY,41.7653438085
GRS,GRD,---,41.7460176568
GRD,DRG,NRM,41.7110830793
GRD,DRG,PSY,41.7012741003
FGT,DRK,RCK,41.6965223840
FGT,GHT,RCK,41.6872452882
FGT,DRK,GHT,41.6822905814
FIR,FRY,NRM,41.6706825161
DRK,FRY,---,41.6654830228
NRM,FGT,GHT,41.6630954581
FGT,---,GHT,41.6630954581
FLY,RCK,DRK,41.6116785642
FLY,DRG,FIR,41.6077213512
GRD,BUG,GRS,41.5771970012
ICE,GHT,GRS,41.5660675821
FIR,FLY,FRY,41.5641762504
GRD,DRK,GHT,41.5624218915
PSN,RCK,DRK,41.5481871555
NRM,GRD,GHT,41.5432267683
GRD,---,GHT,41.5316990160
STL,FRY,BUG,41.5266820394
PSY,STL,FLY,41.5243854511
BUG,STL,GRS,41.5214466187
PSN,PSY,FLY,41.5167258590
FIR,BUG,GRS,41.5041335209
NRM,RCK,FLY,41.5023052613
RCK,---,FLY,41.5023052613
ICE,DRK,GRS,41.5003666052
BUG,RCK,DRG,41.4852052838
FIR,WTR,BUG,41.4578150611
PSN,BUG,GRS,41.4455474013
GRS,FGT,---,41.4371419333
GRS,---,NRM,41.4203219425
FIR,PSY,FRY,41.4091240708
GRD,PSY,BUG,41.3915107989
FGT,---,NRM,41.3881692962
WTR,DRG,FIR,41.3777092938
FIR,DRG,FRY,41.3767862266
NRM,FIR,FRY,41.3494906481
FIR,---,FRY,41.3494906481
PSN,FRY,---,41.3185559282
RCK,STL,DRK,41.3146063427
FLY,BUG,PSN,41.1936750179
FIR,FGT,DRG,41.1686593194
PSN,PSY,FRY,41.1668442013
PSN,DRG,FRY,41.1345063571
NRM,BUG,WTR,41.1281437321
BUG,---,WTR,41.1281437321
BUG,RCK,---,41.1191988440
FGT,BUG,DRG,41.1097605441
NRM,PSN,FRY,41.1072107786
PSN,---,FRY,41.1072107786
FGT,RCK,ICE,41.0986672092
WTR,PSY,---,41.0951905615
FIR,DRG,GHT,41.0712911643
PSY,RCK,BUG,41.0593180570
ICE,STL,BUG,41.0286999652
WTR,BUG,NRM,41.0248037567
WTR,BUG,---,40.9839683201
PSN,PSY,BUG,40.9669107853
FIR,STL,GRS,40.8818276343
PSN,GRD,GRS,40.8814045554
FIR,FGT,ICE,40.8634810266
FGT,BUG,ICE,40.8555613070
WTR,GRD,BUG,40.8474375150
DRG,STL,FGT,40.8347152989
FIR,FLY,GRD,40.8139370462
GRS,RCK,---,40.8112270685
FIR,GRD,DRG,40.8110051510
RCK,DRK,GHT,40.8097111862
NRM,RCK,GHT,40.8061809490
FIR,PSN,GRS,40.7932005544
RCK,---,GHT,40.7905160629
FIR,WTR,GRD,40.7879549721
FGT,FLY,ICE,40.7877486401
DRG,FRY,PSN,40.7780141234
FIR,GHT,PSY,40.7667341305
FIR,BUG,PSY,40.7618470088
NRM,FRY,PSN,40.7351825049
FIR,PSY,GRD,40.7326683600
WTR,GHT,PSY,40.7297013298
FIR,DRK,PSY,40.7270328985
WTR,DRK,PSY,40.6900000978
NRM,DRG,FGT,40.6832625527
DRG,---,FGT,40.6832625527
FIR,BUG,DRK,40.6669420780
FIR,GRS,GRD,40.6594924658
GRD,FLY,PSY,40.5961780763
FLY,PSY,GRD,40.5656612576
NRM,FIR,PSN,40.5563782849
FIR,---,PSN,40.5563782849
FIR,PSN,NRM,40.5357511313
NRM,FLY,GRD,40.5159867841
FLY,---,GRD,40.5159867841
PSY,GHT,GRS,40.5154783438
ICE,FLY,---,40.5141525640
PSY,DRK,GRS,40.4852222111
ICE,FLY,BUG,40.4837353037
GHT,STL,PSY,40.4580466840
FIR,PSY,---,40.4543307227
DRK,STL,PSY,40.4377085789
WTR,DRG,GRD,40.3479146417
ICE,DRK,DRG,40.3292469045
ICE,GHT,DRG,40.3252935494
NRM,BUG,FIR,40.3237602524
FLY,DRG,PSN,40.2885564080
PSY,DRG,GRD,40.2787825954
FIR,WTR,---,40.2578569432
ICE,PSY,DRG,40.2186539185
GRS,DRG,GRD,40.1946036713
FIR,RCK,DRG,40.1645934980
RCK,DRK,ICE,40.1178191142
RCK,GHT,ICE,40.1085420185
DRK,STL,PSN,40.0827136569
GHT,STL,PSN,40.0584221967
BUG,FRY,PSN,40.0265157581
BUG,STL,ICE,40.0045354361
BUG,STL,NRM,39.9923175750
WTR,STL,NRM,39.9798218823
GRS,PSN,DRG,39.9554373285
FRY,---,PSN,39.9464973947
FLY,BUG,GRS,39.9409371913
PSN,FLY,GHT,39.9144297999
FIR,DRK,ICE,39.8880061364
RCK,FRY,DRG,39.8812043456
FIR,GHT,ICE,39.8787290406
ICE,FRY,GRS,39.8562003919
PSN,GRD,---,39.8508117805
PSY,BUG,GRS,39.8191098823
FIR,FRY,PSY,39.7963854152
FLY,FRY,GRS,39.7697872856
WTR,FRY,PSY,39.7547387357
NRM,FGT,BUG,39.7266101086
FGT,---,BUG,39.7266101086
BUG,FRY,FLY,39.7110266117
FIR,DRG,PSY,39.7097383362
WTR,DRG,PSY,39.6680916567
ICE,BUG,GHT,39.6472914519
GHT,STL,BUG,39.6243001962
ICE,DRG,GHT,39.6192565157
PSN,DRK,ICE,39.6154037028
DRK,STL,BUG,39.6090584280
GHT,DRK,FLY,39.6000512028
PSN,GHT,ICE,39.5867634802
NRM,RCK,PSY,39.5819309579
RCK,---,PSY,39.5819309579
BUG,DRG,FLY,39.5724573122
ICE,DRK,GHT,39.5652509388
NRM,ICE,GHT,39.5460558156
ICE,---,GHT,39.5460558156
ICE,FRY,NRM,39.5419477207
NRM,DRK,FLY,39.5303968709
DRK,---,FLY,39.5303968709
BUG,STL,FGT,39.5267722403
NRM,GHT,FLY,39.5211197751
GHT,---,FLY,39.5211197751
PSN,STL,FGT,39.5206823667
FGT,FRY,DRG,39.4989714095
WTR,DRG,DRK,39.4507300501
PSN,BUG,FGT,39.4471269619
WTR,PSY,BUG,39.4397192212
STL,FRY,PSY,39.4357759415
FIR,DRG,DRK,39.4194776726
FIR,ICE,DRG,39.4021856747
NRM,PSN,WTR,39.3985855149
PSN,---,WTR,39.3985855149
GRD,FLY,GRS,39.3944556788
GRS,BUG,FIR,39.3852670072
RCK,DRG,NRM,39.3760887650
NRM,BUG,FGT,39.3753194941
BUG,---,FGT,39.3753194941
NRM,PSN,FGT,39.3692296205
PSN,---,FGT,39.3692296205
DRG,STL,PSY,39.3683767864
FIR,PSY,NRM,39.3553155114
FLY,PSY,GHT,39.3344046753
FLY,STL,GRS,39.3311880509
WTR,PSN,NRM,39.3145702384
BUG,---,FIR,39.3121711185
GRD,DRK,ICE,39.2988420905
GRD,GHT,ICE,39.2895649948
PSY,DRK,---,39.2854054658
FIR,FLY,GRS,39.2567657354
NRM,BUG,GRD,39.2341211899
BUG,---,GRD,39.2341211899
PSN,FLY,GRS,39.2071694252
FIR,WTR,DRG,39.1798526999
NRM,PSY,PSN,39.1783428251
PSY,---,PSN,39.1783428251
PSN,FRY,GHT,39.1748471806
FIR,DRG,BUG,39.1711174846
FIR,PSY,GRS,39.1486265524
FLY,GHT,BUG,39.1362010645
FLY,DRK,BUG,39.1262830371
PSY,DRK,ICE,39.1101034501
PSY,GHT,ICE,39.1008263543
FLY,RCK,---,39.0907238476
GHT,DRG,GRS,39.0901504717
PSN,PSY,GRS,39.0849358457
PSN,STL,FIR,39.0758450798
GRD,PSY,DRG,39.0735734447
DRG,DRK,GRS,39.0244494949
GRS,PSN,FIR,39.0142638406
NRM,STL,FIR,38.9753265817
WTR,STL,DRK,38.9429512394
NRM,PSN,FIR,38.9411679518
PSN,---,FIR,38.9411679518
FLY,DRK,---,38.9061223033
ICE,FLY,NRM,38.8767708372
WTR,GRS,ICE,38.8579680120
GHT,FRY,BUG,38.8523636891
GRS,DRG,ICE,38.8468683638
DRK,FRY,BUG,38.8424456616
NRM,GRS,ICE,38.8009632422
GRS,---,ICE,38.8009632422
GRD,STL,ICE,38.7971182650
RCK,GHT,DRK,38.7461730836
NRM,RCK,DRK,38.7461730836
RCK,---,DRK,38.7461730836
GRD,STL,GRS,38.6435880367
PSN,FLY,---,38.6344966475
WTR,GRD,DRG,38.6238979114
FIR,DRG,GRD,38.5974201052
PSY,STL,ICE,38.5855266887
FGT,GRD,RCK,38.5571289507
GRD,DRG,BUG,38.5439087600
WTR,FLY,PSY,38.5247050108
GRD,PSY,FRY,38.5130955689
ICE,BUG,GRS,38.5127771704
BUG,GHT,PSN,38.4890529911
NRM,GRD,FRY,38.4872237234
GRD,DRG,FRY,38.4872237234
GRD,---,FRY,38.4872237234
FIR,DRG,FLY,38.4830003059
NRM,WTR,FLY,38.4740117404
WTR,---,FLY,38.4740117404
BUG,DRK,PSN,38.4371814007
WTR,FLY,DRK,38.4258290182
FGT,STL,RCK,38.4108666540
FLY,RCK,DRG,38.3644595068
WTR,PSN,DRK,38.3623376096
BUG,DRG,GRS,38.3536866379
ICE,GHT,BUG,38.3435690685
FGT,PSY,RCK,38.3026223054
PSN,STL,GRD,38.2787486634
DRG,STL,FLY,38.2683565203
NRM,STL,GRD,38.2614936004
STL,---,GRD,38.2614936004
ICE,DRK,BUG,38.2586729684
FLY,RCK,NRM,38.2538246021
PSN,STL,PSY,38.2458992693
FGT,PSN,RCK,38.2393662597
PSN,DRG,FLY,38.2343823564
FLY,STL,PSY,38.2206284229
PSN,FLY,BUG,38.2141239380
NRM,PSN,GRD,38.0926599115
PSN,---,GRD,38.0926599115
GRS,STL,FIR,38.0715361527
FIR,STL,DRK,38.0554516230
RCK,FRY,BUG,38.0407858087
WTR,BUG,PSN,38.0121324963
STL,---,FIR,37.9984402640
GRS,FLY,FIR,37.9863340998
ICE,GRD,GRS,37.9822959908
ICE,FRY,DRG,37.9156709406
NRM,FLY,FIR,37.9132382110
FLY,---,FIR,37.9132382110
PSN,DRK,NRM,37.8968665977
ICE,STL,GRS,37.8900426215
PSN,FRY,BUG,37.8866781363
ICE,RCK,DRG,37.8696697681
PSN,GHT,NRM,37.8682263752
FIR,ICE,GRS,37.8644837405
ICE,PSN,GRS,37.8354281971
FIR,PSY,DRG,37.7501678386
FIR,DRK,DRG,37.7412933254
FIR,GHT,DRG,37.7373399704
FIR,DRG,GRS,37.7285644040
WTR,GRS,FIR,37.7105446360
PSN,DRG,GRS,37.6781534918
ICE,FLY,DRG,37.6589567267
NRM,WTR,FIR,37.6481586502
WTR,---,FIR,37.6481586502
GHT,DRG,PSN,37.5812159266
FGT,FRY,ICE,37.5588183871
NRM,GRD,PSY,37.5585441405
GRD,---,PSY,37.5585441405
DRG,DRK,PSN,37.5552161817
FLY,PSY,BUG,37.5378674023
GRD,DRK,RCK,37.5372833904
GRD,GHT,RCK,37.5280062946
PSY,FRY,DRK,37.5185133277
ICE,RCK,BUG,37.5123037790
FGT,BUG,---,37.4847584292
WTR,FRY,GRS,37.4793486142
RCK,FRY,GRS,37.4759303385
ICE,FRY,---,37.4738600932
WTR,FLY,DRG,37.4594299287
WTR,FGT,ICE,37.4255798053
BUG,RCK,ICE,37.4217965040
DRK,STL,RCK,37.4176310450
FGT,DRG,ICE,37.3931137258
ICE,PSN,BUG,37.3882378158
PSY,FRY,GRS,37.3854675632
ICE,DRG,PSN,37.3777511393
NRM,FRY,GRS,37.3595957177
DRG,FRY,GRS,37.3595957177
FRY,---,GRS,37.3595957177
GRD,FRY,---,37.3593613771
NRM,FGT,ICE,37.3578651325
FGT,---,ICE,37.3578651325
GHT,STL,RCK,37.3386996173
WTR,RCK,DRG,37.3379132573
NRM,ICE,PSN,37.3045504392
ICE,---,PSN,37.3045504392
PSY,FRY,BUG,37.2951508447
FLY,DRG,FRY,37.2829630299
FLY,PSY,FRY,37.2815392969
PSY,BUG,FRY,37.2706372812
PSN,GHT,PSY,37.2572240921
NRM,FLY,FRY,37.2556674514
FLY,---,FRY,37.2556674514
DRK,FRY,ICE,37.2485041221
FGT,GHT,---,37.2462757221
GHT,FRY,ICE,37.2392270264
BUG,DRG,FRY,37.2382994370
PSN,DRK,PSY,37.2368859869
PSN,BUG,PSY,37.2207465739
NRM,BUG,FRY,37.2110038585
BUG,---,FRY,37.2110038585
FIR,BUG,ICE,37.1919835261
WTR,STL,BUG,37.1753290961
PSY,DRG,FLY,37.1728635027
BUG,GHT,ICE,37.1656462587
BUG,DRK,ICE,37.1557282312
WTR,DRG,PSN,37.1323600261
PSY,DRG,BUG,37.0791598652
GRD,PSY,GRS,36.9196737265
GRD,PSY,NRM,36.9011089624
PSN,BUG,ICE,36.8857081815
PSY,STL,GRS,36.8736611615
WTR,FRY,NRM,36.8250405050
GRD,---,NRM,36.8159308515
WTR,DRK,DRG,36.8147893602
FLY,DRK,ICE,36.8110388705
WTR,GHT,DRG,36.8108360052
FLY,GHT,ICE,36.8017617747
GRS,STL,DRG,36.7907259677
WTR,PSY,DRG,36.7312000062
WTR,FLY,BUG,36.7225463994
STL,FRY,ICE,36.6875671044
GRD,BUG,ICE,36.6457963358
NRM,GRS,DRG,36.6359815368
GRS,---,DRG,36.6359815368
WTR,STL,PSN,36.6327365331
GRS,FLY,---,36.6243233205
WTR,GRS,GRD,36.5697861912
NRM,STL,FGT,36.5597211875
STL,---,FGT,36.5597211875
RCK,STL,ICE,36.5501085285
FGT,BUG,RCK,36.5325021564
STL,FRY,DRK,36.5175314653
PSN,RCK,ICE,36.5153435596
ICE,FRY,BUG,36.5111840040
NRM,WTR,GRD,36.5074002054
WTR,---,GRD,36.5074002054
FIR,BUG,GHT,36.5042464918
NRM,PSY,GRD,36.4545949056
PSY,---,GRD,36.4545949056
WTR,FRY,BUG,36.4433028231
PSY,BUG,ICE,36.4342047595
DRK,FRY,RCK,36.4246868066
GHT,FRY,RCK,36.4154097108
NRM,---,FGT,36.4082684413
FIR,DRK,GHT,36.3888365824
NRM,FIR,GHT,36.3696414592
FIR,---,GHT,36.3696414592
PSY,BUG,DRK,36.3680831695
ICE,BUG,DRG,36.3555455105
NRM,GRS,GRD,36.3540892350
GRS,---,GRD,36.3540892350
FGT,PSN,DRG,36.3232506560
ICE,FLY,GRS,36.3107972051
FIR,STL,ICE,36.3069382181
FLY,STL,ICE,36.2999611349
FIR,PSN,ICE,36.2855305817
GRD,RCK,ICE,36.2648212633
FGT,---,---,36.2465636079
FLY,FRY,---,36.2412323543
PSN,FRY,PSY,36.2293191752
ICE,PSY,GRS,36.2033303777
FGT,FRY,RCK,36.1774868891
FLY,DRG,GRS,36.1748778686
FGT,FRY,---,36.1644242709
PSN,DRG,PSY,36.1619200200
ICE,FGT,RCK,36.1594559183
FLY,DRK,DRG,36.1448410082
RCK,GHT,BUG,36.1053983787
WTR,GHT,GRS,36.1000418083
RCK,GHT,GRS,36.0966235326
WTR,BUG,DRG,36.0867609986
WTR,DRG,GHT,36.0840233096
FLY,GHT,DRG,36.0659095805
GRS,GHT,---,36.0642319917
GHT,DRK,GRS,36.0592203395
PSY,RCK,ICE,36.0411408288
PSN,GHT,BUG,36.0382450805
FIR,GRD,ICE,36.0350082854
WTR,DRK,GRS,36.0343408314
RCK,DRK,GRS,36.0309225557
PSN,GRD,DRG,36.0242353865
FGT,DRG,RCK,36.0208606057
NRM,GHT,GRS,35.9802889118
GHT,---,GRS,35.9802889118
WTR,ICE,DRG,35.9693895845
PSN,DRK,BUG,35.9564130864
NRM,DRK,GRS,35.9145879350
DRK,---,GRS,35.9145879350
FLY,FRY,GHT,35.8306095364
FIR,PSY,ICE,35.8113278510
GHT,FRY,---,35.8038671830
NRM,FLY,PSN,35.7844477592
FLY,---,PSN,35.7844477592
FLY,DRG,GHT,35.7798232381
RCK,DRK,BUG,35.7629946352
STL,FRY,NRM,35.7580038259
PSN,GRD,ICE,35.7178512987
FIR,FLY,PSY,35.6734358518
FIR,DRG,NRM,35.5942245666
FIR,FLY,DRK,35.5697775640
FIR,RCK,BUG,35.5630509332
FIR,PSN,DRK,35.5562449177
PSY,DRK,RCK,35.5552620706
PSY,GHT,RCK,35.5459849748
NRM,FIR,PSY,35.5287177544
FIR,---,PSY,35.5287177544
PSN,DRK,RCK,35.5112080889
PSN,PSY,ICE,35.5062597224
WTR,GHT,DRK,35.4958450726
NRM,WTR,DRK,35.4958450726
WTR,---,DRK,35.4958450726
PSY,DRK,DRG,35.4952618987
NRM,WTR,PSY,35.4870710750
WTR,---,PSY,35.4870710750
PSN,GHT,RCK,35.4825678663
GRD,DRG,GRS,35.4730697435
NRM,FIR,DRK,35.4645926951
FIR,GHT,DRK,35.4645926951
FIR,---,DRK,35.4645926951
PSY,GHT,DRG,35.4558636995
DRG,STL,GRS,35.4498919783
FIR,FRY,DRG,35.4450736404
BUG,STL,PSN,35.4378178025
GRD,BUG,RCK,35.4055929801
DRG,STL,GHT,35.3917126860
DRK,FRY,NRM,35.3890622784
PSY,FRY,GHT,35.3822531501
GHT,FRY,NRM,35.3797851826
WTR,BUG,GRS,35.3682285026
BUG,RCK,GRS,35.3648102269
BUG,STL,DRK,35.3474220353
NRM,FIR,BUG,35.3464922240
FIR,---,BUG,35.3464922240
PSY,DRG,GHT,35.3351392995
GRS,DRG,FIR,35.3267687205
NRM,DRG,FIR,35.2883756481
DRG,---,FIR,35.2536728318
NRM,BUG,GRS,35.2484756061
BUG,---,GRS,35.2484756061
RCK,STL,BUG,35.2441754547
BUG,STL,RCK,35.2438856350
NRM,STL,PSY,35.2090077762
STL,---,PSY,35.2090077762
PSN,RCK,BUG,35.1288413344
NRM,BUG,FLY,35.0962036808
BUG,---,FLY,35.0962036808
GRD,FRY,RCK,35.0694532631
WTR,FLY,NRM,34.9472822113
FIR,GRD,GRS,34.8995246354
STL,FRY,RCK,34.8533794936
DRG,STL,BUG,34.8463303432
NRM,FIR,GRD,34.7569056689
FIR,---,GRD,34.7569056689
WTR,BUG,GHT,34.7441100725
DRG,FRY,FLY,34.7411436891
NRM,GRD,BUG,34.7348195394
GRD,---,BUG,34.7348195394
PSY,BUG,DRG,34.7188195970
FIR,RCK,GRS,34.6995981409
NRM,FRY,FLY,34.6983120707
FRY,---,FLY,34.6983120707
PSN,STL,GRS,34.6939568490
FIR,WTR,GRS,34.6744064483
WTR,PSN,GRS,34.6724360568
PSN,RCK,GRS,34.6690177811
NRM,FIR,GRS,34.5935390674
FIR,---,GRS,34.5935390674
DRG,STL,PSN,34.5817515113
NRM,PSN,GRS,34.5526831604
PSN,---,GRS,34.5526831604
WTR,GHT,BUG,34.5160917238
FLY,FRY,BUG,34.4963591356
WTR,FRY,DRG,34.4882357801
RCK,---,NRM,34.4879751984
WTR,PSY,NRM,34.4836073699
WTR,DRK,BUG,34.4311956237
NRM,DRG,WTR,34.3810860885
DRG,---,WTR,34.3810860885
FLY,DRG,BUG,34.3637359693
DRG,FRY,---,34.3427225338
PSY,STL,DRK,34.3039505780
NRM,DRG,GRD,34.2920168744
DRG,---,GRD,34.2920168744
FLY,RCK,BUG,34.2737088782
GRD,STL,RCK,34.2348806804
PSN,GRD,RCK,34.1544297154
RCK,FRY,ICE,34.1512837696
PSN,STL,GHT,34.1412207715
NRM,GHT,---,34.1172754599
FGT,DRG,---,34.1044574598
FLY,BUG,ICE,34.0813064840
BUG,GHT,NRM,34.0590674968
BUG,DRK,NRM,34.0491494693
BUG,STL,GHT,34.0321201771
PSY,BUG,GHT,34.0270888489
PSY,STL,RCK,34.0112002460
NRM,FIR,FLY,33.9864873747
FIR,---,FLY,33.9864873747
FLY,STL,NRM,33.9483876885
BUG,GHT,RCK,33.9386688501
FIR,FRY,ICE,33.9321273200
BUG,DRK,RCK,33.9287508226
GRD,BUG,---,33.9166915232
PSN,STL,FLY,33.8939793564
FIR,BUG,DRG,33.8458201860
NRM,STL,FLY,33.7718435892
STL,---,FLY,33.7718435892
WTR,FGT,RCK,33.7424711220
NRM,PSN,FLY,33.7378694252
PSN,---,FLY,33.7378694252
GRS,FGT,RCK,33.7293887398
PSY,DRG,GRS,33.7096509215
FIR,FGT,RCK,33.7054517089
WTR,RCK,BUG,33.6556295357
FGT,FLY,RCK,33.6412743881
WTR,RCK,---,33.6288789492
NRM,FIR,---,33.6114204221
NRM,FGT,RCK,33.6016040291
FGT,---,RCK,33.6016040291
PSN,FRY,ICE,33.5903398300
WTR,PSN,BUG,33.5744275987
FLY,FRY,DRK,33.5116056189
PSY,STL,NRM,33.4961384745
FLY,DRK,NRM,33.4958296911
ICE,DRG,NRM,33.4954688976
WTR,DRK,ICE,33.4882161638
FLY,GHT,NRM,33.4865525953
WTR,GHT,ICE,33.4789390680
BUG,FRY,DRK,33.4728186053
GHT,DRK,ICE,33.4661419620
PSN,FRY,DRK,33.4481142102
DRG,DRK,ICE,33.4423927517
ICE,DRK,RCK,33.4333359485
GHT,DRG,ICE,33.4331156559
ICE,GHT,RCK,33.4240588527
ICE,---,NRM,33.4222681975
NRM,DRK,ICE,33.3964876301
DRK,---,ICE,33.3964876301
PSY,BUG,RCK,33.3943000082
BUG,FRY,PSY,33.3917551554
BUG,DRG,DRK,33.3886157302
NRM,GHT,ICE,33.3872105343
GHT,---,ICE,33.3872105343
GRD,FRY,ICE,33.3509517180
FLY,GHT,---,33.3475804754
PSN,BUG,RCK,33.3310439624
BUG,DRG,PSY,33.3051080764
DRG,DRK,RCK,33.2947406359
PSN,PSY,---,33.2919461167
NRM,PSY,BUG,33.2863973910
PSY,---,BUG,33.2863973910
GHT,DRG,RCK,33.2854635402
GRS,DRK,---,33.2478021293
DRK,FRY,DRG,33.1997318404
WTR,FLY,GRS,33.1854871802
FLY,RCK,GRS,33.1820689045
FGT,STL,DRG,33.1736611562
PSN,FLY,ICE,33.1637312053
PSY,FRY,ICE,33.1393601417
GHT,DRK,PSN,33.1267717750
GHT,FRY,DRG,33.1208004128
GRD,DRG,---,33.0950424031
FLY,PSY,GRS,33.0916061292
PSY,DRK,NRM,33.0915971750
PSY,GHT,NRM,33.0823200792
NRM,GHT,PSN,33.0670354706
GHT,---,PSN,33.0670354706
NRM,FLY,GRS,33.0657342837
FLY,---,GRS,33.0657342837
PSY,FRY,RCK,33.0559505048
NRM,DRK,PSN,33.0410357257
NRM,FGT,DRG,33.0276594558
FGT,---,DRG,33.0276594558
DRK,---,PSN,33.0151638802
PSN,STL,ICE,33.0073802662
WTR,STL,ICE,32.9618254474
PSN,FRY,RCK,32.9383280347
GRD,FLY,ICE,32.9375769598
BUG,DRG,PSN,32.9335054697
DRG,STL,ICE,32.9293593679
NRM,STL,ICE,32.8941107746
STL,---,ICE,32.8941107746
GRD,STL,DRG,32.8410604275
WTR,DRK,RCK,32.7298229070
WTR,GHT,RCK,32.7205458112
GRS,DRK,RCK,32.7167405247
FLY,PSY,ICE,32.7138965254
GRS,GHT,RCK,32.7074634289
NRM,GRD,DRG,32.7047795949
GRD,---,DRG,32.7047795949
NRM,PSY,FLY,32.6918866115
PSY,---,FLY,32.6918866115
NRM,WTR,PSN,32.6027388791
WTR,---,PSN,32.6027388791
GRD,DRK,---,32.5099432048
GRD,RCK,GRS,32.4653740711
WTR,STL,GRS,32.4456145815
RCK,STL,GRS,32.4421963058
PSN,BUG,NRM,32.3600359452
NRM,GRD,GRS,32.3490394503
NRM,STL,GRS,32.3258616851
STL,---,GRS,32.3258616851
PSY,DRG,DRK,32.3165105681
WTR,GRD,GRS,32.2702532152
GRD,---,GRS,32.2313658053
GHT,DRG,BUG,32.1478977919
FLY,BUG,DRG,32.1338738821
PSN,PSY,RCK,32.1173080103
PSN,FLY,PSY,32.0873193643
ICE,GRD,RCK,32.0751902685
DRG,DRK,BUG,32.0630016918
FIR,ICE,---,32.0454144089
NRM,PSN,PSY,31.9904544434
PSN,---,PSY,31.9904544434
GRD,DRG,RCK,31.9365949559
ICE,STL,RCK,31.9097710394
PSN,RCK,DRG,31.8576435309
DRG,STL,RCK,31.7904236507
RCK,DRK,---,31.7855032078
WTR,ICE,GRS,31.7843225356
ICE,RCK,GRS,31.7809042599
GRD,GHT,---,31.7522413156
PSN,FRY,NRM,31.7493514510
ICE,DRG,GRS,31.6998182325
NRM,ICE,GRS,31.6645696391
ICE,---,GRS,31.6645696391
NRM,FGT,---,31.6540440839
PSN,DRG,GHT,31.6528847085
NRM,GRS,FIR,31.6319208932
PSY,GHT,---,31.6239200355
NRM,---,FIR,31.5588250045
FGT,GRD,---,31.5291255496
RCK,GHT,---,31.4546006725
WTR,DRK,GHT,31.4015687277
RCK,STL,DRG,31.3946025086
NRM,WTR,GHT,31.3823736045
WTR,---,GHT,31.3823736045
DRG,STL,DRK,31.3564737824
FLY,PSY,DRK,31.2837307969
RCK,DRG,BUG,31.2613418389
ICE,BUG,RCK,31.2580762992
PSY,BUG,NRM,31.2576383106
BUG,FRY,RCK,31.2521041529
PSN,PSY,DRK,31.2436541674
FLY,BUG,GHT,31.2124545230
PSN,DRG,BUG,31.1999821817
PSN,STL,BUG,31.1353413529
FLY,DRK,GHT,31.1324361596
BUG,DRG,RCK,31.1194809866
NRM,FLY,GHT,31.1132410363
FLY,---,GHT,31.1132410363
NRM,STL,BUG,31.0323616109
STL,---,BUG,31.0323616109
FIR,DRK,RCK,30.9978105299
FIR,GHT,RCK,30.9885334342
BUG,FRY,---,30.9494281278
GHT,DRK,RCK,30.9431001901
FLY,DRK,RCK,30.9131162173
FLY,GHT,RCK,30.9038391215
BUG,FRY,ICE,30.8762032796
NRM,DRK,RCK,30.8734458582
DRK,---,RCK,30.8734458582
NRM,GHT,RCK,30.8641687625
GHT,---,RCK,30.8641687625
FIR,FLY,NRM,30.8449104590
FLY,FRY,ICE,30.8323937299
WTR,BUG,ICE,30.7931154093
BUG,DRG,ICE,30.7472919972
WTR,DRG,NRM,30.7411565382
FIR,FLY,DRG,30.7384986225
DRK,STL,GHT,30.7309096758
NRM,STL,GHT,30.7117145526
STL,---,GHT,30.7117145526
WTR,PSY,GRS,30.7107052278
PSY,RCK,GRS,30.7072869521
NRM,BUG,ICE,30.7013868756
BUG,---,ICE,30.7013868756
PSY,DRK,GHT,30.6845475041
NRM,PSY,GHT,30.6653523808
PSY,---,GHT,30.6653523808
DRG,FRY,DRK,30.6470837484
FIR,---,NRM,30.6452456770
GRS,---,FIR,30.6203317593
NRM,FRY,DRK,30.6042521300
GHT,FRY,DRK,30.6042521300
FRY,---,DRK,30.6042521300
NRM,PSY,GRS,30.5909523314
PSY,---,GRS,30.5909523314
NRM,FLY,BUG,30.5646232069
FLY,---,BUG,30.5646232069
GHT,FRY,PSY,30.5601910415
DRK,FRY,PSY,30.5600230379
WTR,BUG,RCK,30.5560774970
FIR,---,---,30.5472358705
GRS,BUG,RCK,30.5429951147
GHT,DRG,PSY,30.5130771909
FIR,RCK,ICE,30.4838777336
DRG,DRK,PSY,30.4733759589
NRM,---,GRD,30.4515024382
GRD,---,---,30.4515024382
GRS,BUG,---,30.4396971359
WTR,RCK,ICE,30.4272277347
BUG,FRY,GHT,30.4230482589
FLY,RCK,ICE,30.4010061008
RCK,DRG,ICE,30.3707477944
FLY,STL,DRK,30.3444660959
NRM,RCK,ICE,30.3354992011
RCK,---,ICE,30.3354992011
PSN,STL,DRK,30.2809746873
DRG,FRY,BUG,30.2760672063
NRM,FRY,BUG,30.2605311664
FRY,---,BUG,30.2605311664
WTR,FRY,RCK,30.2309328234
FIR,FLY,ICE,30.2244667092
GRS,FRY,RCK,30.2178504411
FGT,RCK,---,30.1842224204
FIR,WTR,ICE,30.1734008960
FIR,DRG,ICE,30.1515913448
NRM,FIR,ICE,30.1056862232
FIR,---,ICE,30.1056862232
ICE,GHT,---,30.0941175942
NRM,STL,PSN,30.0737819360
STL,---,PSN,30.0737819360
ICE,PSY,RCK,30.0490636068
BUG,GHT,DRG,30.0224538817
BUG,DRK,DRG,30.0072121135
ICE,PSN,RCK,29.9820956772
NRM,WTR,---,29.9194746423
PSY,DRG,RCK,29.9104682942
WTR,PSN,ICE,29.8651703721
PSN,DRG,RCK,29.8627482884
WTR,ICE,BUG,29.8520066577
PSN,DRG,ICE,29.8193469601
GHT,DRK,---,29.7734538178
NRM,PSN,ICE,29.7734418385
PSN,---,ICE,29.7734418385
ICE,DRG,BUG,29.7672977301
FLY,PSY,DRG,29.7515966230
DRG,STL,NRM,29.7226704908
NRM,ICE,BUG,29.7213926086
ICE,---,BUG,29.7213926086
WTR,DRG,BUG,29.6801578742
FIR,GRD,RCK,29.6410321565
GRS,GRD,RCK,29.5897633735
FLY,BUG,DRK,29.5726273489
WTR,GRD,ICE,29.5725463997
WTR,GRD,RCK,29.5662647976
GRD,FLY,RCK,29.5563378438
GRD,DRG,ICE,29.5448403475
GRD,PSY,RCK,29.5425393303
GRD,PSY,ICE,29.5368959296
PSN,BUG,DRK,29.5267972736
PSN,PSY,NRM,29.5229215158
NRM,GRD,RCK,29.5166674848
GRD,---,RCK,29.5166674848
ICE,STL,DRG,29.5062666288
NRM,GRD,ICE,29.4989352260
GRD,---,ICE,29.4989352260
FIR,STL,RCK,29.4793248114
NRM,BUG,DRK,29.4538219718
BUG,GHT,DRK,29.4538219718
BUG,---,DRK,29.4538219718
GRS,STL,RCK,29.4280560284
WTR,STL,RCK,29.4226748125
NRM,DRG,FLY,29.4095431089
DRG,---,FLY,29.4095431089
FLY,STL,RCK,29.3946304987
WTR,ICE,---,29.3890532570
WTR,PSY,ICE,29.3790721834
PSN,STL,RCK,29.3722152026
GRS,PSY,RCK,29.3550878957
NRM,STL,RCK,29.3549601396
STL,---,RCK,29.3549601396
WTR,PSY,RCK,29.3497066797
PSY,DRG,ICE,29.3332487713
FLY,GHT,PSY,29.3295132247
FLY,DRK,PSY,29.3293452212
BUG,GHT,PSY,29.3160810506
WTR,PSN,RCK,29.3049142322
FLY,BUG,PSY,29.2955444748
GRS,PSN,RCK,29.2918318500
NRM,PSY,ICE,29.2873436497
PSY,---,ICE,29.2873436497
WTR,DRG,GRS,29.2750962883
DRG,DRK,NRM,29.2739534821
RCK,DRG,GRS,29.2716780126
GHT,DRG,NRM,29.2646763863
BUG,DRK,PSY,29.2571846954
NRM,---,WTR,29.2378115945
NRM,DRG,GRS,29.1553433919
DRG,---,GRS,29.1553433919
NRM,BUG,PSY,29.1433655856
BUG,---,PSY,29.1433655856
FLY,BUG,---,29.0280682000
FLY,DRG,---,28.9689207119
ICE,DRK,---,28.9238054811
FIR,BUG,RCK,28.8176464035
ICE,PSY,---,28.7529484381
FLY,BUG,RCK,28.7329520908
NRM,BUG,RCK,28.6932817318
BUG,---,RCK,28.6932817318
FIR,DRG,---,28.6591255148
NRM,RCK,DRG,28.6027906278
RCK,---,DRG,28.6027906278
PSN,STL,NRM,28.6021392743
ICE,FRY,RCK,28.4898156572
FIR,FRY,RCK,28.4792969002
NRM,FRY,---,28.4687923586
NRM,BUG,PSN,28.4144205367
GHT,DRK,BUG,28.3984495267
PSY,DRG,FRY,28.3947083998
FLY,FRY,RCK,28.3946025875
NRM,PSY,DRK,28.3771616305
DRG,FRY,RCK,28.3704682684
NRM,PSY,FRY,28.3674128213
PSY,---,FRY,28.3674128213
NRM,FRY,RCK,28.3549322285
FRY,---,RCK,28.3549322285
NRM,GHT,BUG,28.3387132223
GHT,---,BUG,28.3387132223
FLY,DRG,DRK,28.3382143507
NRM,DRG,FRY,28.3350749771
DRG,---,FRY,28.3350749771
NRM,---,FRY,28.3077793986
FRY,---,---,28.3077793986
FLY,FRY,PSY,28.3014931048
PSN,DRG,DRK,28.2747229420
FLY,DRG,PSY,28.2543792543
NRM,DRK,BUG,28.2538171222
PSY,GHT,DRK,28.2107414022
PSY,---,DRK,28.2107414022
FLY,BUG,NRM,28.0205813794
WTR,---,---,28.0193713707
DRK,---,BUG,27.9963094788
ICE,FGT,---,27.6607591197
FIR,PSY,RCK,27.6039104514
BUG,---,PSN,27.5998635809
BUG,FRY,DRG,27.5773322770
BUG,FRY,NRM,27.5547113251
FIR,PSN,RCK,27.5406544057
BUG,DRK,---,27.5388080690
NRM,DRG,PSN,27.5220241631
DRG,---,PSN,27.5220241631
GRS,PSY,---,27.5218162970
FLY,PSY,RCK,27.5192161387
WTR,FRY,ICE,27.4982707915
NRM,PSY,RCK,27.4795457797
PSY,---,RCK,27.4795457797
NRM,GRD,---,27.4787034787
NRM,RCK,BUG,27.4565588582
PSN,FLY,RCK,27.4559600930
FLY,FRY,DRG,27.4383040743
FLY,FRY,NRM,27.4277374081
NRM,STL,DRK,27.4232403765
GHT,STL,DRK,27.4232403765
STL,---,DRK,27.4232403765
NRM,PSN,RCK,27.4162897340
PSN,---,RCK,27.4162897340
BUG,DRG,NRM,27.4161420256
NRM,FRY,ICE,27.4065422578
DRG,FRY,ICE,27.4065422578
FRY,---,ICE,27.4065422578
GRD,PSY,---,27.3976777611
NRM,PSN,BUG,27.3753569211
PSN,---,BUG,27.3590579003
WTR,ICE,RCK,27.2522058686
GRS,ICE,RCK,27.2391234864
RCK,---,BUG,27.1990512147
DRG,FRY,GHT,27.1279925571
WTR,DRG,RCK,27.1136105560
DRK,FRY,GHT,27.1043560620
GRS,DRG,RCK,27.1005281738
NRM,FRY,GHT,27.0851609387
WTR,FLY,ICE,27.0848960333
FRY,---,GHT,27.0708667961
PSN,BUG,GHT,27.0633706861
FLY,DRG,ICE,27.0390726212
PSY,FRY,NRM,27.0299137956
FIR,STL,DRG,27.0253866451
ICE,BUG,---,26.9984661451
NRM,FLY,ICE,26.9931674997
FLY,---,ICE,26.9931674997
PSN,DRK,GHT,26.9799851319
NRM,PSN,GHT,26.9607900086
PSN,---,GHT,26.9464958661
PSY,FRY,DRG,26.8250163973
ICE,PSN,DRG,26.8109065318
NRM,ICE,DRG,26.7288093144
ICE,---,DRG,26.7288093144
WTR,DRG,---,26.7212080272
ICE,PSN,---,26.6635224505
FLY,PSY,---,26.6302657950
WTR,PSN,DRG,26.5499782185
PSY,RCK,---,26.4071830505
GHT,DRK,PSY,26.3609748182
NRM,GHT,PSY,26.3417796949
GHT,---,PSY,26.3417796949
ICE,GRD,---,26.3062335163
NRM,DRK,PSY,26.3020784630
DRK,---,PSY,26.3020784630
WTR,RCK,GRS,26.2564055725
PSN,FLY,NRM,26.2409203748
GRD,RCK,---,26.1679543860
NRM,WTR,GRS,26.1400709517
NRM,RCK,GRS,26.1366526760
RCK,---,GRS,26.1366526760
NRM,FLY,---,26.0553063983
WTR,---,GRS,26.0223973067
NRM,---,GRS,26.0203180553
DRG,DRK,---,25.9748752601
GRS,---,---,25.9026444103
PSN,DRG,---,25.8555432402
NRM,WTR,BUG,25.8555326136
WTR,---,BUG,25.8555326136
WTR,---,NRM,25.7921776486
PSN,DRG,NRM,25.7016845306
FIR,ICE,RCK,25.4879460421
NRM,DRG,DRK,25.4177854103
GHT,DRG,DRK,25.4177854103
DRG,---,DRK,25.4177854103
ICE,FLY,RCK,25.4032517294
NRM,RCK,---,25.3826319047
NRM,ICE,RCK,25.3635813704
ICE,DRG,RCK,25.3635813704
ICE,---,RCK,25.3635813704
FIR,DRG,RCK,25.3493507295
DRG,FRY,PSY,25.3402429812
FLY,STL,DRG,25.3392768818
PSY,FRY,---,25.3149456162
NRM,FRY,PSY,25.3129474026
FRY,---,PSY,25.3129474026
FLY,DRG,RCK,25.2646564168
GHT,DRG,---,25.2355384309
NRM,DRG,PSY,25.2263003237
DRG,---,PSY,25.2263003237
NRM,DRG,RCK,25.2249860578
DRG,---,RCK,25.2249860578
PSN,DRK,DRG,25.1843747631
PSN,GHT,DRG,25.1804214081
FLY,PSY,NRM,25.1334134247
PSN,PSY,DRG,25.1073039331
FLY,---,---,24.9130301778
NRM,---,FLY,24.9130301778
GRS,DRG,---,24.8791710674
STL,---,NRM,24.7953431728
FIR,WTR,RCK,24.7915166733
FIR,GRS,RCK,24.7784342911
PSN,GHT,---,24.7365723465
WTR,GRS,RCK,24.7295379874
WTR,FLY,RCK,24.7068223606
GRS,FLY,RCK,24.6937399784
DRK,STL,DRG,24.6911439729
GHT,STL,DRG,24.6871906179
NRM,WTR,RCK,24.6671520016
WTR,---,RCK,24.6671520016
NRM,GRS,RCK,24.6540696193
GRS,---,RCK,24.6540696193
PSY,STL,DRG,24.6138281200
NRM,GRS,---,24.5830717286
GHT,DRK,NRM,24.4197927011
PSN,FLY,DRK,24.4101394414
NRM,FLY,DRK,24.3928843784
FLY,GHT,DRK,24.3928843784
FLY,---,DRK,24.3928843784
DRK,---,NRM,24.3501383693
GHT,---,NRM,24.3408612735
PSN,GHT,DRK,24.3293929697
NRM,PSN,DRK,24.3293929697
PSN,---,DRK,24.3293929697
FIR,PSN,DRG,24.2593785891
NRM,FIR,DRG,24.1772813717
FIR,---,DRG,24.1772813717
NRM,FLY,PSY,24.0829136777
FLY,---,PSY,24.0829136777
NRM,ICE,---,24.0071262018
PSN,BUG,---,23.9368799558
BUG,STL,DRG,23.8693457064
WTR,DRG,ICE,23.6921594210
NRM,WTR,ICE,23.6462542994
WTR,---,ICE,23.6462542994
NRM,DRG,ICE,23.6004308874
DRG,---,ICE,23.6004308874
NRM,---,ICE,23.5545257658
ICE,---,---,23.5254733914
NRM,DRG,BUG,23.4810871966
DRG,---,BUG,23.4810871966
WTR,STL,DRG,23.3105098670
GRS,ICE,---,23.2845324388
NRM,WTR,DRG,23.2305224269
WTR,---,DRG,23.2305224269
NRM,PSY,---,23.0701096868
NRM,---,PSN,22.9924030162
FIR,FLY,RCK,22.9336798844
NRM,FIR,RCK,22.9028921751
FIR,---,RCK,22.9028921751
BUG,DRG,GHT,22.8434562723
NRM,FLY,RCK,22.8181978624
FLY,---,RCK,22.8181978624
PSN,FRY,DRG,22.7794963594
RCK,---,---,22.7785275034
NRM,---,RCK,22.7785275034
PSN,FLY,DRG,22.5084266714
NRM,FLY,DRG,22.4911716085
FLY,---,DRG,22.4911716085
BUG,---,NRM,22.4406388608
NRM,PSN,---,22.4227489162
STL,FRY,DRG,22.3049356927
PSY,BUG,---,22.2970858326
PSN,---,---,22.1778460604
NRM,DRK,---,22.1671178365
ICE,RCK,---,22.1656723441
GHT,DRK,DRG,21.9502642217
NRM,DRK,DRG,21.8752861491
DRK,---,DRG,21.8752861491
NRM,GHT,DRG,21.8713327941
GHT,---,DRG,21.8713327941
NRM,PSY,DRG,21.8033949326
PSY,---,DRG,21.8033949326
NRM,GHT,DRK,21.4629004328
NRM,---,DRK,21.4629004328
FLY,DRG,NRM,21.3384943251
GHT,---,DRK,21.2964802045
DRK,---,---,21.2964802045
PSN,BUG,DRG,21.1681638763
PSY,DRG,---,21.1409727887
NRM,BUG,DRG,21.0796417835
BUG,---,DRG,21.0796417835
NRM,---,PSY,21.0452797419
PSY,---,---,20.9148110973
PSY,DRG,NRM,20.8992689595
RCK,DRG,---,20.7059472518
PSN,---,NRM,20.7059220661
ICE,DRG,---,19.8226693324
BUG,GHT,---,19.8079821000
NRM,---,BUG,19.6564619361
NRM,BUG,---,19.5491913313
DRG,DRK,GHT,19.5104699327
NRM,DRG,GHT,19.4912748095
DRG,---,GHT,19.4912748095
NRM,FRY,DRG,19.4886628104
FRY,---,DRG,19.4886628104
BUG,---,---,19.3989542926
BUG,DRG,---,18.8487396688
DRG,FRY,NRM,18.3120845444
FRY,---,NRM,18.2692529260
NRM,BUG,GHT,18.1513615724
BUG,DRK,GHT,18.1356966863
BUG,---,GHT,18.1214025437
FLY,---,NRM,16.4082561923
PSY,---,NRM,15.9658261098
NRM,DRK,GHT,14.8088202276
DRK,---,GHT,14.7931553415
NRM,---,GHT,14.7896251044
PSN,STL,DRG,14.3317781840
GHT,---,---,13.8151454591
DRG,---,NRM,12.1541441297
NRM,PSN,DRG,11.4836729107
PSN,---,DRG,11.4836729107
NRM,STL,DRG,11.0123223924
STL,---,DRG,11.0123223924
NRM,DRG,---,10.4193281890
NRM,---,DRG,8.1642171191
DRG,---,---,8.1642171191
NRM,---,---,7.0361494998
